timestamp,occupancy_t4013,speed_t4013,occupancy_6005,speed_6005
2015-09-01 13:45:00,7.72,65,3.06,88
2015-09-01 13:50:00,10.11,59,6.44,85
2015-09-01 14:00:00,9.56,62,3.83,94
2015-09-01 14:05:00,14.94,58,4.5,92
2015-09-01 14:35:00,12.89,62,1.67,77
2015-09-01 14:40:00,9.06,63,18.83,73
2015-09-01 14:50:00,11.67,62,13.11,76
2015-09-01 14:55:00,7.94,63,12.72,93
2015-09-01 17:15:00,21.33,38,12.78,87
2015-09-01 17:25:00,14.61,33,7.5,90
2015-09-01 17:35:00,15.28,59,3.72,102
2015-09-01 17:45:00,7.61,68,2.72,75
2015-09-01 17:55:00,10.72,65,3.83,68
2015-09-01 18:10:00,14.0,61,3.83,81
2015-09-01 18:45:00,6.89,63,1.83,93
2015-09-01 18:50:00,9.11,63,2.56,93
2015-09-01 19:20:00,8.33,66,2.28,86
2015-09-01 19:25:00,5.33,63,2.06,67
2015-09-01 20:00:00,7.06,67,3.61,82
2015-09-01 20:55:00,5.5,65,5.44,80
2015-09-01 21:05:00,12.83,62,1.67,65
2015-09-01 21:25:00,2.44,66,5.17,80
2015-09-01 22:40:00,4.61,60,1.44,94
2015-09-01 22:45:00,3.28,59,2.94,96
2015-09-01 23:01:00,3.17,56,1.83,77
2015-09-01 23:05:00,5.17,58,1.94,79
2015-09-01 23:10:00,2.56,62,2.17,78
2015-09-02 00:05:00,0.61,75,0.28,71
2015-09-02 01:35:00,0.83,66,0.22,75
2015-09-02 02:40:00,4.39,58,0.0,74
2015-09-02 03:05:00,1.89,53,0.5,95
2015-09-02 03:10:00,0.83,53,0.0,98
2015-09-02 04:20:00,2.22,64,0.5,67
2015-09-02 04:25:00,10.11,55,1.44,59
2015-09-02 04:45:00,1.39,65,2.56,76
2015-09-02 04:50:00,6.11,68,2.56,71
2015-09-02 05:00:00,5.67,63,6.06,87
2015-09-02 05:15:00,4.44,60,4.39,79
2015-09-02 05:20:00,6.06,62,5.44,77
2015-09-02 05:30:00,2.17,69,5.83,84
2015-09-02 05:35:00,5.61,64,4.5,87
2015-09-02 05:45:00,6.44,62,9.28,93
2015-09-02 05:50:00,8.0,63,5.39,83
2015-09-02 05:55:00,10.33,62,9.17,88
2015-09-02 06:00:00,14.28,60,7.5,90
2015-09-02 06:05:00,14.06,61,10.33,89
2015-09-02 06:10:00,11.61,60,10.44,84
2015-09-02 06:20:00,12.94,55,8.89,95
2015-09-02 06:25:00,12.39,56,15.61,86
2015-09-02 06:30:00,16.78,58,11.89,79
2015-09-02 06:40:00,8.67,54,7.83,79
2015-09-02 06:45:00,21.72,35,11.11,75
2015-09-02 06:50:00,10.67,60,14.33,84
2015-09-02 06:55:00,12.28,58,10.83,83
2015-09-02 07:00:00,16.17,59,8.11,74
2015-09-02 07:05:00,25.61,34,14.83,64
2015-09-02 07:10:00,25.78,31,13.67,75
2015-09-02 07:15:00,9.44,52,16.5,72
2015-09-02 07:20:00,8.83,57,12.28,88
2015-09-02 07:25:00,11.72,55,11.06,76
2015-09-02 07:30:00,12.17,52,7.61,73
2015-09-02 07:35:00,14.33,54,11.44,86
2015-09-02 07:40:00,12.11,56,6.33,87
2015-09-02 07:45:00,13.67,54,13.89,87
2015-09-02 07:50:00,9.17,56,9.44,83
2015-09-02 07:55:00,15.06,53,2.72,88
2015-09-02 08:00:00,19.56,47,6.17,85
2015-09-02 08:05:00,18.0,52,11.83,83
2015-09-02 08:10:00,14.17,52,8.5,86
2015-09-02 08:15:00,8.33,58,6.06,84
2015-09-02 08:20:00,15.72,52,7.5,72
2015-09-02 08:30:00,21.22,47,9.78,81
2015-09-02 08:35:00,17.39,53,11.89,86
2015-09-02 08:45:00,18.83,49,9.28,69
2015-09-02 08:50:00,16.89,55,6.44,57
2015-09-02 08:55:00,18.61,51,4.28,83
2015-09-02 09:00:00,12.78,53,6.83,90
2015-09-02 09:05:00,13.33,53,8.0,74
2015-09-02 09:10:00,20.17,46,9.0,63
2015-09-02 09:30:00,12.78,63,4.11,73
2015-09-02 09:35:00,12.17,62,8.11,83
2015-09-02 09:40:00,7.78,62,5.06,74
2015-09-02 09:55:00,6.56,67,1.0,89
2015-09-02 10:00:00,13.06,61,1.39,89
2015-09-02 10:10:00,11.72,59,4.22,81
2015-09-02 10:15:00,6.5,61,3.33,89
2015-09-02 10:20:00,12.72,61,4.67,75
2015-09-02 10:25:00,9.56,61,3.33,77
2015-09-02 10:30:00,13.78,61,2.94,67
2015-09-02 10:35:00,12.33,63,3.83,90
2015-09-02 10:40:00,9.22,63,1.78,88
2015-09-02 10:45:00,10.39,61,3.89,96
2015-09-02 10:50:00,5.06,63,3.5,79
2015-09-02 11:00:00,10.56,59,6.67,89
2015-09-02 11:15:00,18.33,63,2.28,93
2015-09-02 11:25:00,8.78,65,4.11,93
2015-09-02 11:30:00,9.61,58,2.17,72
2015-09-02 12:00:00,3.06,62,1.28,86
2015-09-02 12:05:00,13.33,61,2.28,78
2015-09-02 12:15:00,14.28,56,7.06,75
2015-09-02 12:25:00,6.89,60,4.67,87
2015-09-02 12:35:00,8.17,61,4.5,83
2015-09-02 12:40:00,8.28,64,4.89,77
2015-09-02 12:50:00,15.11,62,2.33,82
2015-09-02 12:55:00,13.06,65,3.06,82
2015-09-02 13:05:00,13.28,52,1.56,82
2015-09-02 13:10:00,6.06,60,3.33,84
2015-09-02 13:15:00,17.61,61,4.22,75
2015-09-02 13:20:00,13.22,60,7.89,79
2015-09-02 13:25:00,10.11,62,4.28,72
2015-09-02 13:30:00,8.83,62,3.22,96
2015-09-02 13:35:00,12.89,62,5.06,75
2015-09-02 13:40:00,4.61,65,1.0,66
2015-09-02 13:55:00,15.28,57,6.28,87
2015-09-02 14:05:00,9.61,63,1.0,81
2015-09-02 14:15:00,8.78,61,6.28,90
2015-09-02 14:20:00,11.78,61,6.72,79
2015-09-02 14:25:00,9.94,64,5.94,82
2015-09-02 14:30:00,11.33,57,4.39,93
2015-09-02 14:35:00,12.44,62,5.06,71
2015-09-02 14:50:00,10.28,60,5.83,90
2015-09-02 15:05:00,13.72,61,3.33,81
2015-09-02 15:10:00,12.67,62,4.67,85
2015-09-02 15:15:00,14.17,59,4.61,78
2015-09-02 15:20:00,15.39,57,4.28,78
2015-09-02 15:25:00,13.44,60,2.44,70
2015-09-02 15:30:00,10.33,61,3.11,99
2015-09-02 15:35:00,12.06,61,3.11,85
2015-09-02 15:40:00,11.17,63,2.83,98
2015-09-02 15:45:00,14.0,61,6.17,82
2015-09-02 15:50:00,11.78,67,5.0,74
2015-09-02 16:05:00,9.78,64,1.44,84
2015-09-02 16:15:00,8.56,65,2.17,93
2015-09-02 16:20:00,7.5,62,3.44,90
2015-09-02 16:25:00,12.22,64,6.83,91
2015-09-02 16:30:00,12.44,60,7.89,77
2015-09-02 16:50:00,11.94,57,9.39,83
2015-09-02 16:55:00,13.39,57,7.33,80
2015-09-02 17:00:00,8.94,64,5.44,84
2015-09-02 17:10:00,14.67,61,8.5,78
2015-09-02 17:20:00,18.5,59,7.83,80
2015-09-02 17:35:00,10.72,64,4.0,73
2015-09-02 17:45:00,10.17,63,4.78,80
2015-09-02 18:05:00,11.5,61,2.72,82
2015-09-02 18:10:00,9.89,62,5.39,79
2015-09-02 18:15:00,11.78,64,2.56,68
2015-09-02 18:30:00,9.17,64,4.67,94
2015-09-02 18:35:00,6.72,64,4.61,76
2015-09-02 18:45:00,8.11,66,0.78,93
2015-09-02 19:00:00,3.78,65,4.0,84
2015-09-02 19:05:00,7.11,64,4.11,88
2015-09-02 19:10:00,6.78,65,4.39,98
2015-09-02 19:21:00,6.5,65,4.67,78
2015-09-02 20:11:00,5.67,62,2.33,91
2015-09-02 20:46:00,5.11,66,4.89,81
2015-09-02 20:56:00,3.83,63,3.89,85
2015-09-02 21:21:00,6.56,55,3.5,81
2015-09-02 21:36:00,5.56,61,2.67,91
2015-09-02 21:51:00,4.78,64,2.28,72
2015-09-02 22:11:00,9.44,57,1.28,82
2015-09-02 22:41:00,5.83,60,0.78,75
2015-09-02 22:51:00,1.39,67,1.56,74
2015-09-03 00:11:00,0.67,57,0.0,62
2015-09-03 00:21:00,2.06,67,2.33,66
2015-09-03 00:36:00,2.61,55,1.06,71
2015-09-03 01:56:00,2.28,63,0.5,79
2015-09-03 03:46:00,1.61,62,1.94,73
2015-09-03 04:11:00,1.72,61,1.67,74
2015-09-03 05:01:00,1.83,61,4.78,79
2015-09-03 05:11:00,5.83,64,10.94,87
2015-09-03 05:31:00,8.17,65,5.39,88
2015-09-03 05:36:00,10.67,66,4.11,93
2015-09-03 05:41:00,3.17,67,3.61,91
2015-09-03 05:51:00,7.56,65,7.44,83
2015-09-03 05:56:00,6.11,68,9.94,82
2015-09-03 06:01:00,6.44,67,4.61,89
2015-09-03 06:06:00,4.11,64,12.28,86
2015-09-03 06:11:00,2.17,66,10.56,88
2015-09-03 06:16:00,5.06,72,21.17,80
2015-09-03 06:21:00,12.0,58,15.33,97
2015-09-03 06:26:00,11.83,64,12.11,94
2015-09-03 06:36:00,13.56,62,11.33,86
2015-09-03 06:41:00,4.56,74,13.94,93
2015-09-03 06:51:00,7.0,65,11.44,89
2015-09-03 07:06:00,8.0,68,12.0,89
2015-09-03 07:11:00,12.33,61,17.89,86
2015-09-03 07:16:00,12.44,64,11.89,82
2015-09-03 07:21:00,13.06,59,10.17,80
2015-09-03 07:26:00,6.28,67,11.11,91
2015-09-03 07:31:00,11.5,63,21.11,90
2015-09-03 07:36:00,11.33,63,9.28,89
2015-09-03 07:41:00,8.39,66,5.28,81
2015-09-03 07:46:00,12.78,59,10.06,74
2015-09-03 07:51:00,11.28,63,10.72,94
2015-09-03 07:56:00,8.89,66,5.83,76
2015-09-03 08:01:00,8.33,61,6.44,88
2015-09-03 08:31:00,10.83,63,11.22,71
2015-09-03 08:36:00,12.22,56,7.44,80
2015-09-03 08:41:00,12.67,63,5.06,90
2015-09-03 08:46:00,7.5,61,15.33,87
2015-09-03 09:01:00,10.78,62,3.83,77
2015-09-03 09:16:00,18.5,64,6.83,87
2015-09-03 09:21:00,13.72,65,5.39,71
2015-09-03 09:26:00,12.06,62,8.39,79
2015-09-03 09:31:00,9.44,66,6.72,94
2015-09-03 09:36:00,7.72,66,7.5,98
2015-09-03 09:56:00,5.5,65,5.78,70
2015-09-03 10:01:00,7.39,66,5.28,77
2015-09-03 10:06:00,17.28,60,6.94,73
2015-09-03 10:11:00,12.06,61,5.06,83
2015-09-03 10:26:00,6.22,67,2.94,60
2015-09-03 10:36:00,7.17,63,4.89,91
2015-09-03 10:41:00,7.94,61,3.5,80
2015-09-03 10:46:00,13.61,59,4.61,82
2015-09-03 10:51:00,10.56,60,1.67,96
2015-09-03 11:06:00,12.67,63,3.72,82
2015-09-03 11:16:00,11.83,61,5.56,84
2015-09-03 11:26:00,10.11,61,4.61,88
2015-09-03 11:36:00,16.72,62,7.06,86
2015-09-03 11:46:00,11.39,63,3.5,94
2015-09-03 12:01:00,8.22,64,3.83,73
2015-09-03 12:06:00,10.44,63,1.67,83
2015-09-03 12:11:00,9.67,65,3.72,76
2015-09-03 12:16:00,7.56,65,2.83,78
2015-09-03 12:21:00,6.17,66,2.83,76
2015-09-03 12:31:00,7.67,63,3.89,92
2015-09-03 12:41:00,12.17,63,7.33,83
2015-09-03 12:51:00,15.5,61,2.67,78
2015-09-03 12:56:00,5.06,62,4.11,97
2015-09-03 13:06:00,6.06,67,0.78,69
2015-09-03 13:11:00,6.17,68,5.44,71
2015-09-03 13:26:00,6.44,64,1.78,91
2015-09-03 13:31:00,9.5,62,8.5,92
2015-09-03 13:41:00,8.89,66,5.56,77
2015-09-03 13:46:00,9.44,61,9.83,84
2015-09-03 14:01:00,11.11,61,6.17,81
2015-09-03 14:06:00,10.28,63,2.28,62
2015-09-03 14:11:00,6.5,61,8.28,83
2015-09-03 14:16:00,6.72,65,7.72,82
2015-09-03 14:21:00,14.28,52,4.89,96
2015-09-03 14:26:00,1.17,67,6.94,96
2015-09-03 14:31:00,8.44,69,5.39,89
2015-09-03 14:41:00,12.33,65,8.78,102
2015-09-03 14:56:00,12.28,65,7.61,82
2015-09-03 15:01:00,8.06,66,6.72,80
2015-09-03 15:06:00,9.44,57,2.17,87
2015-09-03 15:11:00,12.28,61,5.67,85
2015-09-03 15:21:00,6.72,63,5.0,73
2015-09-03 15:26:00,9.33,62,5.17,72
2015-09-03 15:36:00,12.17,61,10.72,73
2015-09-03 15:41:00,8.83,62,7.44,83
2015-09-03 15:51:00,6.72,64,3.89,83
2015-09-03 15:56:00,11.33,62,4.11,91
2015-09-03 16:06:00,8.56,63,4.0,91
2015-09-03 16:36:00,10.33,65,7.33,82
2015-09-03 16:41:00,13.89,60,9.0,71
2015-09-03 16:46:00,9.72,65,11.44,80
2015-09-03 17:01:00,4.0,66,8.67,81
2015-09-03 17:06:00,6.22,66,9.83,97
2015-09-03 17:11:00,8.33,65,4.5,84
2015-09-03 17:21:00,9.28,64,3.83,86
2015-09-03 17:26:00,10.28,61,7.22,81
2015-09-03 17:36:00,4.39,64,5.78,91
2015-09-03 17:41:00,6.06,63,10.28,79
2015-09-03 17:46:00,5.06,67,3.89,88
2015-09-03 17:51:00,13.94,63,5.28,99
2015-09-03 17:56:00,9.17,66,3.5,92
2015-09-03 18:01:00,5.72,66,7.5,81
2015-09-03 18:11:00,4.5,64,7.72,85
2015-09-03 18:16:00,5.67,66,2.94,82
2015-09-03 18:21:00,11.11,67,3.33,78
2015-09-03 18:31:00,11.17,63,3.61,84
2015-09-03 18:36:00,5.72,64,2.83,87
2015-09-03 18:51:00,5.0,67,3.06,84
2015-09-03 19:06:00,4.83,62,3.33,85
2015-09-03 19:11:00,7.39,62,6.67,78
2015-09-03 19:21:00,4.56,66,3.5,91
2015-09-03 20:02:00,1.67,65,1.67,87
2015-09-03 20:17:00,4.06,63,7.22,90
2015-09-03 20:57:00,2.44,67,1.67,98
2015-09-03 21:32:00,4.67,70,0.67,78
2015-09-03 21:42:00,4.11,66,4.89,77
2015-09-03 22:02:00,8.67,60,0.39,91
2015-09-03 22:22:00,5.11,64,1.56,87
2015-09-03 23:22:00,4.33,62,3.22,65
2015-09-03 23:42:00,0.83,54,0.89,95
2015-09-04 00:02:00,2.61,68,2.56,80
2015-09-04 00:27:00,0.67,63,1.0,78
2015-09-04 04:22:00,3.5,60,1.39,92
2015-09-04 04:37:00,3.0,66,4.39,79
2015-09-04 04:52:00,3.78,64,0.67,95
2015-09-04 05:17:00,2.94,68,3.44,82
2015-09-04 05:22:00,3.06,63,3.61,77
2015-09-04 05:42:00,7.28,62,8.78,87
2015-09-04 05:52:00,7.11,64,2.56,86
2015-09-04 05:57:00,5.61,67,5.67,84
2015-09-04 06:07:00,6.39,63,5.0,79
2015-09-04 06:12:00,10.06,57,6.56,83
2015-09-04 06:17:00,11.78,63,8.39,82
2015-09-04 06:22:00,7.06,63,6.83,82
2015-09-04 06:27:00,5.11,61,10.67,85
2015-09-04 06:32:00,7.11,62,8.28,83
2015-09-04 06:37:00,10.28,62,9.06,84
2015-09-04 06:42:00,7.89,66,8.78,84
2015-09-04 06:47:00,11.61,63,5.83,83
2015-09-04 06:52:00,9.44,62,14.28,77
2015-09-04 06:57:00,7.61,69,15.56,72
2015-09-04 07:02:00,3.22,65,5.67,88
2015-09-04 07:07:00,7.33,66,4.61,81
2015-09-04 07:12:00,13.67,63,9.06,86
2015-09-04 07:22:00,10.17,59,9.39,93
2015-09-04 07:32:00,13.17,61,8.5,80
2015-09-04 07:47:00,11.11,62,6.56,80
2015-09-04 08:07:00,6.17,64,12.11,100
2015-09-04 08:12:00,7.17,66,7.22,78
2015-09-04 08:17:00,13.78,62,9.28,71
2015-09-04 08:22:00,9.17,64,10.94,86
2015-09-04 08:27:00,7.83,62,5.17,75
2015-09-04 08:32:00,9.67,64,6.83,79
2015-09-04 08:37:00,10.72,59,5.78,90
2015-09-04 08:57:00,8.0,65,2.33,86
2015-09-04 09:32:00,12.06,60,2.94,73
2015-09-04 09:42:00,8.78,60,2.17,81
2015-09-04 09:47:00,11.33,67,6.17,77
2015-09-04 09:52:00,13.89,59,8.22,84
2015-09-04 09:57:00,6.0,63,4.0,67
2015-09-04 10:12:00,5.17,63,3.89,90
2015-09-04 10:22:00,9.0,63,4.78,86
2015-09-04 10:27:00,11.11,58,3.83,89
2015-09-04 10:32:00,6.94,61,6.17,97
2015-09-04 10:42:00,9.72,66,2.83,82
2015-09-04 10:57:00,9.06,62,3.33,77
2015-09-04 11:02:00,7.39,61,8.61,80
2015-09-04 11:17:00,9.89,62,5.94,83
2015-09-04 11:22:00,4.78,64,9.39,82
2015-09-04 11:27:00,10.56,60,3.11,81
2015-09-04 11:32:00,8.33,62,6.72,99
2015-09-04 11:37:00,15.28,63,4.61,87
2015-09-04 11:42:00,11.5,63,5.67,67
2015-09-04 11:52:00,6.94,63,5.78,84
2015-09-04 11:57:00,6.11,70,7.5,81
2015-09-04 12:27:00,6.22,63,2.33,78
2015-09-04 12:37:00,7.28,66,6.44,73
2015-09-04 13:12:00,10.94,62,6.67,85
2015-09-04 13:17:00,5.39,65,6.83,78
2015-09-04 13:27:00,9.11,58,2.06,85
2015-09-04 13:37:00,8.78,61,8.22,93
2015-09-04 13:47:00,2.22,63,7.61,85
2015-09-04 14:02:00,3.22,69,3.11,91
2015-09-04 14:12:00,6.56,62,4.11,82
2015-09-04 14:17:00,6.72,64,11.44,91
2015-09-04 14:22:00,2.33,65,7.22,84
2015-09-04 14:27:00,10.72,62,8.28,83
2015-09-04 14:37:00,4.67,68,3.22,83
2015-09-04 14:47:00,9.44,65,8.67,78
2015-09-04 14:52:00,6.28,62,2.33,77
2015-09-04 15:17:00,9.5,63,3.5,82
2015-09-04 15:32:00,6.22,65,6.44,91
2015-09-04 15:52:00,15.0,65,6.67,90
2015-09-04 16:12:00,4.17,66,3.61,85
2015-09-04 16:17:00,10.78,60,4.39,96
2015-09-04 16:27:00,4.17,68,3.72,80
2015-09-04 17:02:00,5.56,67,4.61,91
2015-09-04 17:07:00,10.72,62,5.39,97
2015-09-04 17:12:00,5.06,65,14.44,95
2015-09-04 17:17:00,3.33,72,7.61,83
2015-09-04 17:22:00,3.78,64,11.5,91
2015-09-04 17:32:00,6.22,62,6.44,94
2015-09-04 17:37:00,7.83,68,6.06,84
2015-09-04 17:42:00,11.83,60,6.33,97
2015-09-04 18:02:00,6.83,63,5.0,89
2015-09-04 18:07:00,5.89,64,5.56,96
2015-09-04 18:12:00,9.67,63,2.72,83
2015-09-04 18:17:00,8.11,62,6.33,79
2015-09-04 18:27:00,7.78,67,4.11,76
2015-09-04 18:32:00,5.06,67,4.78,90
2015-09-04 18:42:00,10.83,65,13.28,85
2015-09-04 18:47:00,6.39,66,7.22,79
2015-09-04 18:52:00,4.83,67,10.06,97
2015-09-04 18:57:00,2.61,68,2.44,82
2015-09-04 19:12:00,2.44,63,4.28,87
2015-09-04 19:22:00,3.39,64,2.06,78
2015-09-04 19:47:00,4.56,67,1.56,93
2015-09-04 19:57:00,1.78,60,5.67,74
2015-09-04 20:02:00,8.61,64,4.0,84
2015-09-04 20:12:00,2.0,65,3.33,80
2015-09-04 20:17:00,10.89,65,4.28,83
2015-09-04 20:23:00,6.5,65,2.17,88
2015-09-04 20:28:00,3.78,63,4.61,99
2015-09-04 20:33:00,3.83,62,3.33,79
2015-09-04 21:03:00,5.11,68,3.22,79
2015-09-04 21:13:00,2.28,62,3.44,89
2015-09-04 21:18:00,5.22,62,5.17,83
2015-09-04 21:38:00,2.89,64,4.22,98
2015-09-04 21:53:00,6.67,61,2.83,81
2015-09-04 22:08:00,1.11,52,0.89,78
2015-09-04 22:13:00,4.83,63,1.83,89
2015-09-04 22:23:00,3.56,61,3.72,80
2015-09-08 10:44:00,10.06,65,3.61,94
2015-09-08 10:59:00,9.94,63,4.28,80
2015-09-08 11:04:00,3.56,64,6.28,85
2015-09-08 11:14:00,5.5,63,5.28,70
2015-09-08 11:19:00,6.61,66,2.06,83
2015-09-08 11:29:00,11.11,68,7.5,67
2015-09-08 11:34:00,7.56,65,8.39,98
2015-09-08 11:49:00,15.0,66,2.94,102
2015-09-08 11:59:00,11.56,62,1.67,86
2015-09-08 12:19:00,8.39,64,3.72,84
2015-09-08 12:24:00,9.11,62,3.5,93
2015-09-08 12:27:00,2.5,66,3.11,87
2015-09-08 12:32:00,9.17,63,5.78,87
2015-09-08 12:36:00,7.11,65,4.67,87
2015-09-08 12:46:00,12.83,64,9.0,77
2015-09-08 12:56:00,5.94,67,1.0,80
2015-09-08 13:01:00,6.67,62,5.17,92
2015-09-08 13:06:00,5.0,64,8.89,91
2015-09-08 13:16:00,8.67,62,6.06,90
2015-09-08 13:26:00,10.44,62,1.39,85
2015-09-08 13:36:00,10.5,66,2.44,81
2015-09-08 13:41:00,12.28,63,3.44,74
2015-09-08 13:51:00,15.22,63,1.78,80
2015-09-08 13:56:00,7.17,64,3.89,75
2015-09-08 14:00:00,8.11,63,5.0,83
2015-09-08 14:06:00,11.56,63,5.0,81
2015-09-08 14:11:00,4.83,63,10.28,84
2015-09-08 14:21:00,12.28,64,1.17,89
2015-09-08 14:31:00,9.94,66,4.67,95
2015-09-08 14:36:00,10.22,64,5.0,91
2015-09-08 14:41:00,8.28,66,5.39,61
2015-09-08 14:51:00,6.06,65,1.67,91
2015-09-08 14:56:00,9.22,65,4.39,88
2015-09-08 15:01:00,9.5,64,4.22,74
2015-09-08 15:06:00,10.89,66,4.5,91
2015-09-08 15:11:00,8.17,62,7.89,84
2015-09-08 15:16:00,9.5,65,4.28,91
2015-09-08 15:29:00,8.11,66,2.72,89
2015-09-08 16:15:00,6.5,62,6.83,92
2015-09-08 16:36:00,6.17,66,3.44,90
2015-09-08 16:41:00,13.06,67,2.06,92
2015-09-08 16:46:00,9.33,63,7.06,72
2015-09-08 16:56:00,9.56,66,1.83,92
2015-09-08 17:11:00,6.83,58,6.94,93
2015-09-08 17:21:00,6.33,68,5.28,94
2015-09-08 17:26:00,7.28,68,3.5,89
2015-09-08 17:31:00,7.22,63,5.83,93
2015-09-08 17:36:00,6.72,66,8.22,75
2015-09-08 17:46:00,11.78,63,6.33,82
2015-09-08 17:51:00,5.56,63,4.11,78
2015-09-08 17:56:00,5.06,61,5.0,84
2015-09-08 18:26:00,5.22,66,1.78,92
2015-09-08 18:31:00,6.67,65,7.89,78
2015-09-08 18:36:00,4.0,61,4.78,74
2015-09-08 18:41:00,4.56,63,2.72,95
2015-09-08 18:46:00,10.94,65,1.0,88
2015-09-08 19:01:00,6.33,64,5.56,74
2015-09-08 19:06:00,8.89,67,1.28,75
2015-09-08 19:36:00,9.17,62,2.67,92
2015-09-08 19:46:00,6.28,61,1.44,85
2015-09-08 19:51:00,5.72,63,1.56,87
2015-09-08 20:06:00,4.67,66,2.72,71
2015-09-08 20:26:00,3.56,62,1.56,80
2015-09-08 20:36:00,9.5,65,2.94,88
2015-09-08 20:46:00,2.83,63,1.44,62
2015-09-08 21:06:00,1.56,68,1.78,92
2015-09-08 21:11:00,4.61,68,1.56,75
2015-09-08 21:46:00,3.0,68,0.22,77
2015-09-08 21:56:00,5.06,65,0.5,82
2015-09-08 22:06:00,1.89,57,1.06,90
2015-09-08 22:12:00,2.67,63,0.67,93
2015-09-08 22:26:00,2.33,58,2.56,76
2015-09-08 22:36:00,4.5,64,1.17,74
2015-09-08 22:51:00,4.17,68,0.28,78
2015-09-08 22:56:00,1.78,55,3.33,83
2015-09-09 01:11:00,1.94,65,1.67,87
2015-09-09 01:51:00,0.61,62,0.61,71
2015-09-09 06:04:00,6.83,66,12.28,84
2015-09-09 07:34:00,15.11,62,8.89,86
2015-09-09 09:48:00,6.61,64,2.06,95
2015-09-09 09:58:00,12.06,62,2.44,90
2015-09-09 10:08:00,7.33,60,4.61,83
2015-09-09 10:18:00,12.06,60,5.0,86
2015-09-09 10:23:00,8.44,64,9.67,83
2015-09-09 10:33:00,5.94,66,4.67,78
2015-09-09 10:43:00,7.61,63,4.5,70
2015-09-09 10:53:00,6.22,65,3.83,69
2015-09-09 10:58:00,5.17,58,4.67,74
2015-09-09 11:08:00,10.89,60,5.39,76
2015-09-09 11:18:00,6.78,67,2.94,69
2015-09-09 11:38:00,9.11,62,3.22,81
2015-09-09 11:43:00,10.56,66,2.94,81
2015-09-09 11:48:00,3.89,66,5.56,88
2015-09-09 11:58:00,10.89,62,4.89,85
2015-09-09 12:13:00,6.56,59,6.06,81
2015-09-09 12:23:00,13.06,62,2.56,96
2015-09-09 12:28:00,10.06,59,2.17,92
2015-09-09 12:43:00,6.89,63,3.06,82
2015-09-09 12:53:00,3.94,67,1.06,87
2015-09-09 12:58:00,11.0,61,5.17,77
2015-09-09 13:13:00,6.22,65,1.44,91
2015-09-09 13:18:00,11.0,60,0.22,76
2015-09-09 13:23:00,8.11,63,1.67,97
2015-09-09 13:38:00,3.67,64,6.28,89
2015-09-09 13:53:00,7.28,67,4.89,91
2015-09-09 14:08:00,5.0,62,2.06,79
2015-09-09 14:13:00,1.5,70,7.11,75
2015-09-09 14:18:00,10.78,66,2.06,90
2015-09-09 14:23:00,5.5,65,7.83,68
2015-09-09 14:33:00,4.06,68,3.5,94
2015-09-09 14:43:00,2.56,72,4.5,93
2015-09-09 15:03:00,11.11,67,3.06,71
2015-09-09 15:13:00,7.28,63,11.06,78
2015-09-09 15:18:00,10.44,63,5.78,86
2015-09-09 15:23:00,5.06,64,6.56,78
2015-09-09 15:28:00,9.28,63,2.28,80
2015-09-09 15:33:00,8.39,61,7.22,84
2015-09-09 15:48:00,9.5,63,5.56,81
2015-09-09 15:53:00,5.11,65,6.44,78
2015-09-09 16:08:00,8.67,66,5.39,86
2015-09-09 16:13:00,7.22,65,10.56,88
2015-09-09 16:28:00,6.22,64,3.5,90
2015-09-09 16:38:00,11.22,66,6.17,80
2015-09-09 16:43:00,6.89,65,3.44,94
2015-09-09 16:48:00,9.06,68,5.0,78
2015-09-09 16:53:00,6.61,65,7.61,75
2015-09-09 16:58:00,12.89,63,3.83,79
2015-09-09 17:08:00,6.94,67,7.11,76
2015-09-09 17:18:00,11.94,62,3.44,80
2015-09-09 17:23:00,12.17,65,7.22,87
2015-09-09 17:33:00,12.11,67,4.5,82
2015-09-09 17:58:00,5.33,69,1.94,74
2015-09-09 18:03:00,8.72,65,2.56,79
2015-09-09 18:08:00,10.67,64,2.17,80
2015-09-09 18:23:00,6.17,69,4.39,100
2015-09-09 18:28:00,4.06,68,1.17,78
2015-09-09 18:48:00,7.94,65,1.56,89
2015-09-09 19:03:00,5.83,67,2.56,79
2015-09-09 19:18:00,10.33,64,4.89,92
2015-09-09 19:33:00,6.06,67,4.0,78
2015-09-09 19:43:00,3.28,64,2.06,77
2015-09-09 19:48:00,1.67,67,0.39,88
2015-09-09 19:58:00,5.56,62,1.67,81
2015-09-09 20:33:00,6.5,61,2.44,83
2015-09-09 20:38:00,0.89,57,1.44,81
2015-09-09 20:48:00,4.83,59,0.61,83
2015-09-09 20:58:00,3.94,57,1.56,94
2015-09-09 21:03:00,3.78,56,4.0,82
2015-09-09 21:13:00,2.44,61,0.78,77
2015-09-09 21:18:00,6.0,61,1.67,78
2015-09-09 21:43:00,2.33,63,2.94,57
2015-09-09 21:48:00,4.17,55,0.78,80
2015-09-09 22:03:00,5.22,59,0.61,73
2015-09-09 22:08:00,3.33,61,1.0,79
2015-09-09 22:13:00,0.78,58,0.78,65
2015-09-09 22:23:00,2.56,60,3.83,63
2015-09-09 22:28:00,0.94,49,1.28,68
2015-09-09 22:46:00,2.17,62,2.83,76
2015-09-10 00:23:00,1.61,62,3.61,81
2015-09-10 02:08:00,5.11,63,2.72,77
2015-09-10 05:28:00,6.06,61,11.33,90
2015-09-10 05:33:00,2.56,66,6.72,85
2015-09-10 05:33:00,2.56,62,6.72,85
2015-09-10 05:33:00,8.94,66,6.72,85
2015-09-10 05:33:00,8.94,62,6.72,85
2015-09-10 05:38:00,5.61,66,5.67,83
2015-09-10 05:45:00,11.89,66,6.44,78
2015-09-10 08:00:00,14.67,66,8.67,85
2015-09-10 08:13:00,12.94,64,9.06,77
2015-09-10 08:18:00,12.83,63,5.28,91
2015-09-10 08:23:00,14.22,60,12.28,88
2015-09-10 08:28:00,13.0,63,9.06,90
2015-09-10 08:43:00,17.78,62,3.89,95
2015-09-10 08:48:00,14.11,63,2.94,74
2015-09-10 08:53:00,11.22,65,6.33,94
2015-09-10 08:58:00,10.67,65,6.56,58
2015-09-10 09:03:00,6.83,61,4.78,88
2015-09-10 09:13:00,14.39,64,7.22,82
2015-09-10 09:18:00,6.83,64,10.72,85
2015-09-10 09:28:00,10.22,60,4.11,71
2015-09-10 09:33:00,14.78,65,6.06,86
2015-09-10 09:38:00,10.33,67,7.5,79
2015-09-10 09:43:00,3.67,63,1.94,78
2015-09-10 09:48:00,6.83,63,3.72,86
2015-09-10 09:52:00,6.5,63,6.06,81
2015-09-10 09:57:00,3.44,68,2.28,77
2015-09-10 10:02:00,3.22,61,1.67,74
2015-09-10 10:07:00,11.28,65,4.0,77
2015-09-10 10:17:00,7.44,66,10.56,98
2015-09-10 10:27:00,8.5,67,4.28,69
2015-09-10 10:37:00,9.78,65,1.67,79
2015-09-10 10:42:00,9.61,64,4.39,85
2015-09-10 10:47:00,7.61,62,7.44,85
2015-09-10 10:52:00,11.11,61,1.39,88
2015-09-10 10:57:00,8.83,63,2.33,65
2015-09-10 11:02:00,10.94,64,7.06,81
2015-09-10 11:07:00,9.78,67,4.22,97
2015-09-10 11:12:00,8.44,62,1.56,90
2015-09-10 11:22:00,10.94,65,4.0,90
2015-09-10 11:32:00,6.78,63,1.44,95
2015-09-10 11:42:00,11.28,62,1.78,76
2015-09-10 11:47:00,10.61,62,6.56,78
2015-09-10 11:57:00,12.5,66,2.28,79
2015-09-10 12:02:00,8.5,64,5.78,79
2015-09-10 12:12:00,9.06,60,1.17,81
2015-09-10 12:17:00,9.5,65,3.22,81
2015-09-10 12:57:00,7.06,63,2.44,87
2015-09-10 13:02:00,9.83,65,1.94,90
2015-09-10 13:07:00,8.17,61,6.44,81
2015-09-10 13:12:00,4.5,65,3.89,95
2015-09-10 13:17:00,8.11,66,2.06,87
2015-09-10 13:22:00,10.78,62,2.28,83
2015-09-10 13:47:00,9.0,62,2.17,85
2015-09-10 13:57:00,6.17,67,4.67,88
2015-09-10 14:02:00,3.5,70,7.61,94
2015-09-10 14:12:00,11.67,66,7.06,75
2015-09-10 14:37:00,9.83,64,1.94,74
2015-09-10 14:47:00,8.94,69,5.06,81
2015-09-10 14:57:00,8.67,63,4.61,80
2015-09-10 15:02:00,4.0,68,1.78,86
2015-09-10 15:07:00,9.78,65,6.33,84
2015-09-10 15:17:00,9.61,65,3.72,90
2015-09-10 15:22:00,9.83,67,5.83,86
2015-09-10 15:27:00,5.56,63,4.39,90
2015-09-10 15:32:00,9.94,65,3.5,92
2015-09-10 15:37:00,12.89,65,5.56,91
2015-09-10 15:42:00,6.33,65,2.28,82
2015-09-10 15:52:00,4.72,66,3.72,72
2015-09-10 15:57:00,9.06,64,1.67,90
2015-09-10 16:02:00,11.56,65,5.06,75
2015-09-10 16:12:00,10.0,66,8.61,90
2015-09-10 16:17:00,4.61,62,8.11,77
2015-09-10 16:27:00,17.22,62,6.17,85
2015-09-10 16:32:00,11.44,68,5.17,81
2015-09-10 16:37:00,8.56,66,5.67,77
2015-09-10 16:42:00,9.17,68,8.0,89
2015-09-10 16:57:00,9.78,66,4.5,84
2015-09-10 17:02:00,9.28,64,6.94,87
2015-09-10 17:17:00,10.33,65,5.44,84
2015-09-10 17:22:00,8.89,71,6.33,65
2015-09-10 17:27:00,10.78,64,7.33,78
2015-09-10 17:37:00,10.28,65,4.28,99
2015-09-10 17:47:00,6.61,66,5.28,79
2015-09-10 17:52:00,3.78,64,9.28,88
2015-09-10 18:02:00,2.83,69,4.39,86
2015-09-10 18:07:00,5.28,66,6.06,86
2015-09-10 18:12:00,8.44,66,9.56,75
2015-09-10 18:22:00,6.5,64,3.83,87
2015-09-10 18:27:00,7.44,65,2.83,77
2015-09-10 18:32:00,13.44,63,5.44,91
2015-09-10 18:42:00,7.28,64,8.61,81
2015-09-10 19:02:00,4.78,66,2.33,72
2015-09-10 19:07:00,3.0,69,2.33,79
2015-09-10 19:17:00,3.06,67,2.17,84
2015-09-10 19:27:00,4.94,63,5.06,68
2015-09-10 19:37:00,4.72,65,0.39,70
2015-09-10 19:47:00,6.17,67,1.83,90
2015-09-10 19:52:00,3.89,70,3.06,86
2015-09-10 20:02:00,1.33,67,5.06,82
2015-09-10 20:12:00,6.44,65,2.56,91
2015-09-10 20:28:00,4.67,65,3.11,81
2015-09-10 20:32:00,1.28,62,1.83,79
2015-09-10 20:57:00,1.67,73,3.11,84
2015-09-10 21:07:00,3.17,65,1.78,94
2015-09-10 21:12:00,2.0,64,2.33,81
2015-09-10 21:17:00,2.56,68,1.44,79
2015-09-10 21:37:00,5.22,65,1.94,92
2015-09-10 21:47:00,5.39,65,2.06,79
2015-09-10 22:12:00,7.11,69,3.5,81
2015-09-10 22:27:00,1.67,62,0.61,92
2015-09-10 22:32:00,2.17,65,1.44,90
2015-09-10 23:37:00,0.78,63,2.33,78
2015-09-11 00:02:00,3.0,60,1.83,64
2015-09-11 01:57:00,3.11,62,1.78,76
2015-09-11 03:32:00,1.0,62,0.78,86
2015-09-11 03:47:00,0.72,68,3.33,76
2015-09-11 04:47:00,2.22,60,2.72,73
2015-09-11 04:52:00,2.44,59,2.94,81
2015-09-11 05:17:00,8.17,66,3.61,95
2015-09-11 05:32:00,7.94,65,2.67,85
2015-09-11 05:37:00,6.28,66,4.5,87
2015-09-11 05:47:00,3.0,67,8.39,92
2015-09-11 05:52:00,8.56,65,7.06,88
2015-09-11 05:57:00,5.06,68,4.5,79
2015-09-11 06:02:00,5.06,66,8.39,83
2015-09-11 06:07:00,9.56,67,6.44,89
2015-09-11 06:12:00,6.44,63,11.5,90
2015-09-11 06:17:00,4.61,69,9.06,89
2015-09-11 06:22:00,13.94,53,5.44,81
2015-09-11 06:27:00,13.06,65,9.94,89
2015-09-11 06:37:00,7.5,64,14.17,93
2015-09-11 06:42:00,10.72,64,12.11,79
2015-09-11 06:47:00,8.11,64,6.94,81
2015-09-11 06:52:00,7.22,65,14.33,82
2015-09-11 06:57:00,6.61,67,8.11,86
2015-09-11 07:02:00,7.94,67,13.0,86
2015-09-11 07:07:00,11.11,63,10.94,66
2015-09-11 07:12:00,13.78,67,11.83,77
2015-09-11 07:17:00,9.44,65,6.33,81
2015-09-11 07:27:00,9.28,63,13.11,85
2015-09-11 07:32:00,9.33,62,12.78,82
2015-09-11 07:37:00,11.28,62,8.39,81
2015-09-11 07:42:00,12.28,64,11.33,90
2015-09-11 07:57:00,3.56,67,7.44,84
2015-09-11 08:02:00,8.11,65,4.39,79
2015-09-11 08:07:00,9.28,67,9.06,74
2015-09-11 08:12:00,10.28,64,5.56,75
2015-09-11 08:17:00,9.06,66,4.39,86
2015-09-11 08:22:00,11.39,68,6.67,75
2015-09-11 08:27:00,8.06,68,9.56,75
2015-09-11 08:32:00,12.78,62,9.17,78
2015-09-11 08:37:00,13.44,64,5.28,84
2015-09-11 08:57:00,11.56,66,4.22,87
2015-09-11 09:02:00,6.94,62,5.17,87
2015-09-11 09:17:00,8.06,65,5.28,81
2015-09-11 09:22:00,10.61,62,8.22,77
2015-09-11 09:27:00,7.06,65,0.89,99
2015-09-11 09:32:00,8.39,58,5.39,77
2015-09-11 09:37:00,10.11,64,0.28,86
2015-09-11 10:07:00,5.06,65,4.28,83
2015-09-11 10:17:00,9.22,62,7.11,72
2015-09-11 10:34:00,4.67,63,3.22,86
2015-09-11 10:44:00,6.56,68,3.72,86
2015-09-11 10:49:00,5.44,66,8.0,87
2015-09-11 10:59:00,7.72,65,5.83,85
2015-09-11 11:09:00,2.72,66,8.5,80
2015-09-11 11:14:00,7.5,63,6.28,93
2015-09-11 11:24:00,4.78,62,5.28,76
2015-09-11 11:29:00,10.22,65,1.67,83
2015-09-11 11:34:00,9.17,61,6.67,87
2015-09-11 11:39:00,7.89,62,2.06,81
2015-09-11 11:44:00,17.11,62,4.39,80
2015-09-11 11:49:00,17.06,63,3.89,83
2015-09-11 11:54:00,10.33,64,3.5,88
2015-09-11 11:59:00,10.5,66,5.28,73
2015-09-11 12:04:00,10.67,64,6.67,63
2015-09-11 12:09:00,11.0,62,3.83,76
2015-09-11 12:14:00,9.33,62,6.33,80
2015-09-11 12:24:00,11.28,65,2.67,72
2015-09-11 12:34:00,5.5,66,5.94,87
2015-09-11 12:44:00,9.67,63,3.89,83
2015-09-11 12:54:00,10.83,63,1.94,91
2015-09-11 12:59:00,10.67,63,4.39,81
2015-09-11 13:04:00,2.56,67,4.28,76
2015-09-11 13:09:00,8.5,60,8.11,89
2015-09-11 13:24:00,11.72,62,5.56,91
2015-09-11 13:29:00,11.06,66,3.89,75
2015-09-11 13:34:00,4.83,64,4.89,75
2015-09-11 13:39:00,10.83,66,5.83,89
2015-09-11 13:44:00,6.56,67,9.94,90
2015-09-11 13:49:00,4.89,67,9.0,78
2015-09-11 13:54:00,8.78,67,4.61,86
2015-09-11 13:59:00,2.94,60,5.78,80
2015-09-11 14:04:00,4.33,70,3.33,75
2015-09-11 14:09:00,9.5,63,2.56,78
2015-09-11 14:14:00,16.94,59,6.06,84
2015-09-11 14:24:00,10.89,64,5.56,88
2015-09-11 14:29:00,8.17,65,1.94,69
2015-09-11 14:34:00,4.11,62,10.33,78
2015-09-11 14:39:00,9.94,63,4.11,81
2015-09-11 14:44:00,7.33,62,5.56,89
2015-09-11 14:54:00,11.0,63,10.83,69
2015-09-11 14:59:00,7.22,64,6.72,76
2015-09-11 15:04:00,6.0,62,3.22,89
2015-09-11 15:19:00,10.56,65,10.06,78
2015-09-11 15:24:00,5.94,65,8.28,91
2015-09-11 15:29:00,6.33,60,7.22,75
2015-09-11 15:34:00,6.72,64,6.28,86
2015-09-11 15:39:00,12.28,64,4.61,92
2015-09-11 15:44:00,7.0,68,7.61,85
2015-09-11 15:49:00,9.28,64,3.5,85
2015-09-11 15:54:00,8.0,63,8.89,74
2015-09-11 16:09:00,4.67,68,5.94,63
2015-09-11 16:19:00,10.0,65,7.11,85
2015-09-11 16:24:00,9.61,68,6.33,90
2015-09-11 16:29:00,10.28,66,8.28,53
2015-09-11 16:34:00,8.5,68,9.28,82
2015-09-11 16:44:00,7.89,67,1.67,92
2015-09-11 16:49:00,10.06,65,4.67,80
2015-09-11 16:59:00,11.89,63,10.33,83
2015-09-11 17:04:00,7.94,69,4.67,77
2015-09-11 17:09:00,12.72,66,3.72,79
2015-09-11 17:14:00,11.56,68,9.78,76
2015-09-11 17:19:00,8.11,68,7.61,89
2015-09-11 17:24:00,10.72,64,6.56,85
2015-09-11 17:29:00,4.11,68,5.56,91
2015-09-11 17:34:00,6.39,65,4.78,77
2015-09-11 17:39:00,8.94,67,7.11,84
2015-09-11 17:44:00,9.56,67,6.83,81
2015-09-11 17:49:00,10.06,67,3.06,85
2015-09-11 17:54:00,11.44,68,5.44,94
2015-09-11 17:59:00,5.56,70,7.5,80
2015-09-11 18:04:00,4.44,66,5.83,87
2015-09-11 18:16:00,6.06,65,3.5,79
2015-09-11 18:21:00,13.5,69,6.33,71
2015-09-11 18:26:00,3.89,65,3.44,84
2015-09-11 18:36:00,7.94,61,4.5,91
2015-09-11 18:41:00,7.94,62,1.78,97
2015-09-11 18:46:00,7.56,66,2.83,79
2015-09-11 18:51:00,4.22,66,3.72,89
2015-09-11 18:56:00,6.94,70,3.44,77
2015-09-11 19:01:00,5.89,65,1.28,81
2015-09-11 19:11:00,3.67,67,3.22,73
2015-09-11 19:21:00,5.83,70,4.39,90
2015-09-11 19:31:00,6.78,66,1.94,89
2015-09-11 19:41:00,6.33,64,3.11,93
2015-09-11 19:46:00,7.11,67,6.06,86
2015-09-11 19:51:00,0.89,70,8.39,75
2015-09-11 20:26:00,6.94,63,5.17,92
2015-09-11 20:31:00,5.44,62,2.44,65
2015-09-11 20:46:00,5.78,63,1.39,71
2015-09-11 20:51:00,2.61,62,2.28,70
2015-09-11 21:01:00,2.56,68,1.39,93
2015-09-11 21:21:00,4.61,64,3.06,84
2015-09-11 21:36:00,5.72,65,1.39,95
2015-09-11 21:46:00,5.94,65,2.28,90
2015-09-11 21:51:00,5.28,64,5.06,72
2015-09-11 22:06:00,3.94,60,2.72,83
2015-09-11 22:11:00,2.89,62,4.67,77
2015-09-11 22:21:00,3.17,63,2.06,83
2015-09-11 22:41:00,1.78,64,3.06,80
2015-09-11 22:46:00,5.5,64,5.06,76
2015-09-11 23:01:00,6.5,60,2.28,82
2015-09-11 23:11:00,3.11,65,1.0,77
2015-09-11 23:16:00,0.78,68,0.78,69
2015-09-12 00:11:00,2.22,66,0.78,71
2015-09-12 00:31:00,1.83,59,0.67,72
2015-09-12 00:46:00,3.78,67,0.0,56
2015-09-12 02:21:00,1.06,64,1.67,70
2015-09-12 04:41:00,1.78,62,0.22,72
2015-09-12 05:41:00,1.72,65,1.39,82
2015-09-12 05:46:00,6.94,66,1.94,76
2015-09-12 05:56:00,1.5,72,4.11,71
2015-09-12 06:06:00,1.89,63,1.56,84
2015-09-12 06:16:00,1.33,73,2.06,84
2015-09-12 06:26:00,1.78,66,3.61,92
2015-09-12 06:51:00,2.11,66,0.28,91
2015-09-12 07:01:00,2.78,68,3.61,80
2015-09-12 07:16:00,4.28,55,5.06,90
2015-09-12 07:46:00,5.78,67,2.17,82
2015-09-12 07:51:00,5.33,72,1.67,91
2015-09-12 07:56:00,6.33,66,5.44,88
2015-09-12 08:06:00,2.11,68,3.44,85
2015-09-12 08:11:00,3.06,68,2.72,88
2015-09-12 08:16:00,7.33,65,3.11,79
2015-09-12 08:21:00,4.89,65,2.06,97
2015-09-12 08:31:00,3.33,66,2.17,97
2015-09-12 08:56:00,7.0,64,2.44,86
2015-09-12 09:01:00,2.28,65,2.72,80
2015-09-12 09:06:00,7.39,70,7.11,95
2015-09-12 09:11:00,9.0,65,2.72,87
2015-09-12 09:16:00,6.44,66,1.39,96
2015-09-12 09:21:00,4.22,70,2.67,100
2015-09-12 09:26:00,3.0,65,1.28,102
2015-09-12 09:36:00,3.28,70,5.94,91
2015-09-12 09:41:00,6.0,65,1.94,80
2015-09-12 09:51:00,6.78,68,2.33,97
2015-09-12 10:01:00,7.83,67,2.56,90
2015-09-12 10:06:00,5.94,64,3.22,78
2015-09-12 10:11:00,9.39,64,3.89,109
2015-09-12 10:16:00,6.83,65,1.94,98
2015-09-12 10:21:00,5.56,71,5.28,85
2015-09-12 10:31:00,5.83,63,3.83,93
2015-09-12 10:36:00,6.11,70,3.61,94
2015-09-12 10:41:00,5.61,68,8.61,99
2015-09-12 10:46:00,11.33,62,12.5,80
2015-09-12 10:51:00,5.0,63,5.17,90
2015-09-12 10:56:00,8.72,61,3.33,91
2015-09-12 11:06:00,4.44,63,2.33,92
2015-09-12 11:11:00,7.44,64,5.39,95
2015-09-12 11:26:00,8.17,63,3.11,97
2015-09-12 11:31:00,6.28,69,8.89,86
2015-09-12 11:36:00,4.33,66,7.22,82
2015-09-12 11:46:00,10.83,64,8.78,81
2015-09-12 11:51:00,8.94,64,11.89,81
2015-09-12 11:56:00,5.44,67,6.06,77
2015-09-12 12:01:00,12.83,65,5.78,89
2015-09-12 12:16:00,8.06,63,3.83,89
2015-09-12 12:21:00,8.33,62,7.72,87
2015-09-12 12:26:00,8.06,63,4.78,76
2015-09-12 12:31:00,5.22,66,6.17,99
2015-09-12 12:36:00,10.44,63,6.17,94
2015-09-12 12:46:00,7.22,66,5.78,97
2015-09-12 12:51:00,5.39,66,3.72,79
2015-09-12 12:56:00,5.56,66,4.67,86
2015-09-12 13:11:00,5.78,65,2.33,84
2015-09-12 13:16:00,5.78,68,6.28,76
2015-09-12 13:21:00,6.94,65,6.56,80
2015-09-12 13:31:00,4.89,65,8.28,87
2015-09-12 13:41:00,7.33,64,6.83,80
2015-09-12 13:46:00,7.0,65,4.5,72
2015-09-12 14:06:00,8.94,65,4.0,89
2015-09-12 14:11:00,5.33,66,5.67,86
2015-09-12 14:16:00,9.56,67,3.89,81
2015-09-12 14:21:00,4.17,65,5.0,98
2015-09-12 14:26:00,4.78,68,5.17,87
2015-09-12 14:31:00,9.72,63,4.22,79
2015-09-12 14:36:00,8.89,66,8.0,85
2015-09-12 14:41:00,3.89,64,7.06,83
2015-09-12 14:51:00,8.17,62,6.06,98
2015-09-12 14:56:00,12.33,65,7.5,86
2015-09-12 15:01:00,8.0,65,2.17,72
2015-09-12 15:06:00,6.33,66,6.28,89
2015-09-12 15:11:00,2.72,61,0.67,94
2015-09-12 15:21:00,7.83,65,5.39,93
2015-09-12 15:36:00,7.94,68,4.89,80
2015-09-12 15:46:00,8.44,67,8.28,82
2015-09-12 15:51:00,9.44,63,1.83,87
2015-09-12 16:01:00,2.78,69,6.17,76
2015-09-12 16:06:00,3.94,62,2.94,67
2015-09-12 16:11:00,8.17,65,2.72,79
2015-09-12 16:16:00,2.17,74,3.22,87
2015-09-12 16:21:00,5.61,67,4.28,75
2015-09-12 16:26:00,5.06,68,4.22,86
2015-09-12 16:36:00,10.83,69,3.11,92
2015-09-12 16:41:00,9.94,64,2.28,81
2015-09-12 16:46:00,9.5,67,2.06,91
2015-09-12 16:56:00,3.39,69,2.56,85
2015-09-12 17:01:00,3.17,67,2.94,83
2015-09-12 17:06:00,6.44,66,7.89,96
2015-09-12 17:11:00,4.0,64,1.83,78
2015-09-12 17:16:00,5.72,61,2.72,85
2015-09-12 17:21:00,5.83,67,1.78,68
2015-09-12 17:26:00,6.61,65,2.44,77
2015-09-12 17:31:00,9.33,66,3.61,88
2015-09-12 17:36:00,10.06,57,5.67,79
2015-09-12 17:41:00,7.39,66,3.22,96
2015-09-12 17:46:00,7.78,66,1.94,88
2015-09-12 17:51:00,5.94,68,3.72,89
2015-09-12 17:56:00,2.44,64,3.11,89
2015-09-12 18:01:00,9.39,65,2.83,92
2015-09-12 18:06:00,5.0,66,0.0,97
2015-09-12 18:11:00,6.0,65,3.61,86
2015-09-12 18:16:00,5.5,67,1.39,86
2015-09-12 18:21:00,5.78,62,3.33,82
2015-09-12 18:26:00,5.72,66,2.72,81
2015-09-12 18:46:00,3.17,64,1.39,79
2015-09-12 19:01:00,6.11,67,2.67,80
2015-09-12 19:21:00,5.17,63,7.22,94
2015-09-12 19:31:00,3.44,68,5.39,75
2015-09-12 19:36:00,5.44,66,5.39,88
2015-09-12 19:41:00,2.11,60,5.44,89
2015-09-12 19:51:00,4.06,67,3.44,88
2015-09-12 20:01:00,3.5,66,5.83,80
2015-09-12 20:11:00,3.33,62,3.72,91
2015-09-12 20:21:00,3.22,65,0.67,93
2015-09-12 20:31:00,1.39,66,4.89,88
2015-09-12 20:36:00,3.17,64,2.17,85
2015-09-12 20:46:00,3.33,68,1.94,86
2015-09-12 21:01:00,2.5,66,7.22,87
2015-09-12 21:06:00,3.28,63,3.5,91
2015-09-12 21:16:00,5.11,65,6.17,80
2015-09-12 21:21:00,4.28,64,3.5,86
2015-09-12 21:26:00,3.83,68,0.28,88
2015-09-12 21:46:00,1.67,63,0.61,78
2015-09-12 21:56:00,2.61,68,4.22,84
2015-09-12 22:16:00,3.33,64,5.28,65
2015-09-12 22:26:00,4.56,64,1.94,87
2015-09-12 22:36:00,0.67,71,0.61,82
2015-09-12 22:41:00,4.33,63,2.33,85
2015-09-12 22:46:00,2.5,62,2.72,91
2015-09-12 22:56:00,4.06,62,2.28,81
2015-09-12 23:01:00,5.17,59,3.11,83
2015-09-12 23:31:00,0.67,76,0.67,90
2015-09-12 23:41:00,1.56,63,2.44,88
2015-09-12 23:51:00,4.17,61,1.56,91
2015-09-13 00:16:00,0.83,65,0.67,79
2015-09-13 00:26:00,2.56,64,2.06,81
2015-09-13 02:56:00,2.0,62,1.06,77
2015-09-13 06:21:00,1.89,67,1.17,96
2015-09-13 06:46:00,3.56,66,1.78,84
2015-09-13 06:51:00,1.72,66,0.89,84
2015-09-13 07:11:00,3.39,67,1.83,84
2015-09-13 07:16:00,1.44,61,1.28,82
2015-09-13 07:21:00,2.28,64,4.28,86
2015-09-13 07:36:00,4.28,65,0.39,82
2015-09-13 07:46:00,3.67,62,3.33,85
2015-09-13 07:56:00,3.89,66,0.0,96
2015-09-13 08:01:00,2.39,66,2.28,91
2015-09-13 08:16:00,1.56,64,0.22,85
2015-09-13 08:31:00,5.72,68,2.33,97
2015-09-13 08:41:00,3.06,70,1.56,82
2015-09-13 08:56:00,5.0,65,3.61,80
2015-09-13 09:06:00,4.5,65,3.22,95
2015-09-13 09:11:00,4.67,63,1.28,88
2015-09-13 09:16:00,3.67,67,2.67,89
2015-09-13 09:31:00,6.33,66,2.94,95
2015-09-13 09:36:00,6.78,66,4.22,87
2015-09-13 09:46:00,2.83,63,4.0,79
2015-09-13 09:51:00,5.94,66,1.78,73
2015-09-13 10:06:00,3.94,65,3.5,87
2015-09-13 10:11:00,5.5,63,3.33,74
2015-09-13 10:16:00,4.0,66,8.22,84
2015-09-13 10:31:00,8.22,62,4.0,85
2015-09-13 10:36:00,6.61,64,7.11,79
2015-09-13 10:41:00,6.89,69,5.39,74
2015-09-13 10:46:00,4.94,68,2.06,84
2015-09-13 10:51:00,8.78,64,7.72,92
2015-09-13 10:56:00,2.94,66,1.78,83
2015-09-13 11:06:00,4.5,66,6.94,80
2015-09-13 11:11:00,11.06,64,4.67,94
2015-09-13 11:16:00,7.83,67,6.56,67
2015-09-13 11:31:00,4.06,65,9.28,85
2015-09-13 11:36:00,10.44,62,5.0,84
2015-09-13 11:41:00,0.83,67,3.89,90
2015-09-13 11:46:00,14.22,61,1.78,89
2015-09-13 11:51:00,7.39,67,4.67,82
2015-09-13 11:56:00,6.39,66,4.39,86
2015-09-13 12:01:00,9.39,62,6.83,77
2015-09-13 12:06:00,6.5,63,5.94,81
2015-09-13 12:11:00,7.89,66,4.61,90
2015-09-13 12:16:00,8.22,66,8.11,84
2015-09-13 12:21:00,9.67,63,4.0,81
2015-09-13 12:26:00,9.22,66,10.72,91
2015-09-13 12:31:00,6.83,65,2.44,81
2015-09-13 12:41:00,9.61,63,3.72,77
2015-09-13 12:46:00,4.56,63,8.22,78
2015-09-13 12:53:00,6.89,58,2.67,101
2015-09-13 12:58:00,6.56,65,7.06,70
2015-09-13 13:03:00,8.61,64,13.28,84
2015-09-13 13:08:00,5.39,65,5.0,88
2015-09-13 13:13:00,8.39,64,8.39,93
2015-09-13 13:18:00,4.28,64,8.89,87
2015-09-13 13:23:00,7.83,62,7.33,96
2015-09-13 13:33:00,4.67,69,12.28,72
2015-09-13 13:43:00,6.06,66,6.28,97
2015-09-13 13:48:00,5.11,61,6.17,83
2015-09-13 13:53:00,6.06,67,9.06,87
2015-09-13 13:58:00,8.33,63,4.22,86
2015-09-13 14:03:00,5.28,67,6.83,103
2015-09-13 14:13:00,8.39,59,7.72,89
2015-09-13 14:18:00,10.17,61,7.11,82
2015-09-13 14:28:00,8.39,65,3.5,88
2015-09-13 14:38:00,6.39,65,4.28,84
2015-09-13 14:43:00,10.17,66,7.44,89
2015-09-13 14:48:00,6.56,63,5.94,85
2015-09-13 15:03:00,9.89,65,10.83,84
2015-09-13 15:13:00,4.44,68,2.56,87
2015-09-13 15:18:00,7.0,68,8.11,91
2015-09-13 15:23:00,6.83,64,10.67,77
2015-09-13 15:28:00,4.06,69,6.56,87
2015-09-13 15:33:00,6.39,64,8.22,82
2015-09-13 15:48:00,9.33,64,5.67,85
2015-09-13 15:53:00,10.33,63,6.83,79
2015-09-13 15:58:00,5.44,64,7.33,94
2015-09-13 16:03:00,3.06,61,7.06,86
2015-09-13 16:08:00,6.06,62,7.11,74
2015-09-13 16:13:00,9.72,64,3.83,83
2015-09-13 16:18:00,9.17,66,5.83,79
2015-09-13 16:23:00,8.39,63,11.06,83
2015-09-13 16:28:00,6.67,68,11.83,85
2015-09-13 16:33:00,3.67,68,6.06,80
2015-09-13 16:38:00,9.67,65,6.56,81
2015-09-13 16:43:00,7.33,64,8.61,81
2015-09-13 17:03:00,4.94,67,9.28,86
2015-09-13 17:08:00,5.33,69,9.0,82
2015-09-13 17:13:00,9.17,63,9.44,89
2015-09-13 17:18:00,2.78,68,5.17,82
2015-09-13 17:23:00,4.28,69,4.28,76
2015-09-13 17:28:00,10.39,63,2.94,94
2015-09-13 17:33:00,2.39,64,10.17,90
2015-09-13 17:38:00,11.17,64,10.67,89
2015-09-13 17:48:00,6.67,62,10.06,87
2015-09-13 17:53:00,6.28,64,5.28,79
2015-09-13 17:58:00,5.94,68,5.56,94
2015-09-13 18:08:00,5.83,65,10.67,84
2015-09-13 18:13:00,6.0,66,5.06,82
2015-09-13 18:18:00,8.33,66,3.11,80
2015-09-13 18:23:00,5.39,63,10.72,88
2015-09-13 18:28:00,10.17,63,7.22,84
2015-09-13 18:33:00,6.67,65,5.0,90
2015-09-13 18:38:00,5.78,67,10.67,86
2015-09-13 18:48:00,9.72,63,5.56,74
2015-09-13 18:53:00,1.67,67,10.28,88
2015-09-13 18:58:00,7.78,69,11.06,95
2015-09-13 19:03:00,6.83,63,5.44,85
2015-09-13 19:18:00,3.83,64,10.28,93
2015-09-13 19:23:00,4.83,66,6.67,80
2015-09-13 19:33:00,4.44,67,0.67,88
2015-09-13 19:38:00,6.61,62,5.17,83
2015-09-13 19:48:00,6.89,66,2.56,94
2015-09-13 19:53:00,5.89,66,2.67,94
2015-09-13 19:58:00,7.0,64,4.11,86
2015-09-13 20:08:00,7.94,64,7.61,68
2015-09-13 20:13:00,4.72,64,3.11,76
2015-09-13 20:18:00,3.22,66,9.0,77
2015-09-13 20:28:00,2.44,70,2.44,89
2015-09-13 20:33:00,1.89,65,2.67,87
2015-09-13 20:53:00,7.61,61,2.67,77
2015-09-13 21:03:00,2.22,62,3.22,89
2015-09-13 21:18:00,3.39,70,1.44,85
2015-09-13 21:43:00,6.28,65,3.06,79
2015-09-13 22:13:00,2.94,66,3.44,81
2015-09-13 22:33:00,0.89,66,1.44,87
2015-09-13 22:38:00,1.89,70,1.67,78
2015-09-13 22:48:00,0.94,58,0.28,93
2015-09-13 22:58:00,2.33,66,2.44,79
2015-09-13 23:28:00,1.44,60,0.39,79
2015-09-13 23:38:00,4.61,65,0.78,79
2015-09-13 23:48:00,1.78,60,1.06,79
2015-09-14 00:18:00,0.94,62,0.78,82
2015-09-14 01:08:00,1.78,57,2.28,80
2015-09-14 02:28:00,1.5,64,1.28,83
2015-09-14 02:48:00,2.72,66,0.5,76
2015-09-14 03:48:00,0.83,73,0.0,77
2015-09-14 04:23:00,0.94,59,0.39,80
2015-09-14 04:28:00,2.44,61,1.06,74
2015-09-14 04:43:00,2.56,65,1.44,97
2015-09-14 04:48:00,2.5,64,0.78,90
2015-09-14 04:53:00,1.39,69,4.5,89
2015-09-14 04:58:00,3.39,64,2.33,68
2015-09-14 05:03:00,4.0,62,1.67,84
2015-09-14 05:08:00,1.94,60,3.33,81
2015-09-14 05:18:00,4.33,67,2.94,76
2015-09-14 05:23:00,3.56,66,10.33,76
2015-09-14 05:28:00,2.28,71,6.56,76
2015-09-14 05:33:00,6.11,67,5.28,87
2015-09-14 05:38:00,4.72,65,6.17,86
2015-09-14 05:43:00,2.39,67,8.39,84
2015-09-14 05:48:00,5.22,62,3.72,93
2015-09-14 05:53:00,3.67,69,5.83,78
2015-09-14 05:58:00,3.11,67,8.22,91
2015-09-14 06:03:00,8.0,66,9.0,87
2015-09-14 06:08:00,6.06,64,16.72,81
2015-09-14 06:13:00,8.61,65,10.33,86
2015-09-14 06:18:00,4.06,65,8.5,86
2015-09-14 06:23:00,10.39,61,13.56,71
2015-09-14 06:28:00,13.39,66,18.33,85
2015-09-14 06:33:00,4.89,64,9.83,81
2015-09-14 06:38:00,6.83,64,9.06,76
2015-09-14 06:43:00,8.39,63,17.11,91
2015-09-14 08:23:00,12.11,65,9.83,90
2015-09-14 08:38:00,6.5,64,9.28,87
2015-09-14 08:43:00,10.78,64,4.28,88
2015-09-14 08:48:00,15.39,59,6.44,86
2015-09-14 08:53:00,11.94,63,3.83,83
2015-09-14 08:58:00,3.56,68,7.5,82
2015-09-14 09:03:00,3.94,64,1.06,87
2015-09-14 09:08:00,5.78,62,1.17,86
2015-09-14 09:13:00,10.17,61,6.72,74
2015-09-14 09:23:00,9.94,62,3.33,78
2015-09-14 09:28:00,8.67,66,2.44,85
2015-09-14 09:33:00,14.28,61,5.83,69
2015-09-14 09:43:00,5.5,66,4.61,77
2015-09-14 09:48:00,11.78,64,3.06,83
2015-09-14 09:53:00,8.11,63,1.17,82
2015-09-14 09:58:00,13.11,60,2.28,87
2015-09-14 10:03:00,5.67,63,4.11,88
2015-09-14 10:08:00,9.67,65,2.72,85
2015-09-14 10:13:00,8.39,65,3.5,75
2015-09-14 10:18:00,5.56,65,2.17,95
2015-09-14 10:23:00,6.72,61,6.83,93
2015-09-14 10:28:00,9.22,60,8.61,85
2015-09-14 10:33:00,7.06,64,1.83,77
2015-09-14 10:38:00,10.33,59,4.5,81
2015-09-14 10:43:00,6.22,64,5.06,78
2015-09-14 10:48:00,11.28,64,4.89,78
2015-09-14 10:53:00,6.67,66,1.78,79
2015-09-14 10:58:00,10.56,64,2.44,92
2015-09-14 11:03:00,6.11,65,2.44,75
2015-09-14 11:33:00,8.17,66,4.22,70
2015-09-14 11:38:00,5.44,63,3.33,79
2015-09-14 11:48:00,1.89,61,4.11,73
2015-09-14 11:53:00,13.44,60,5.0,87
2015-09-14 11:58:00,10.39,63,1.67,84
2015-09-14 12:03:00,8.39,63,1.0,79
2015-09-14 12:13:00,14.39,61,4.61,64
2015-09-14 12:18:00,8.39,62,2.06,82
2015-09-14 12:23:00,7.72,63,5.39,86
2015-09-14 12:28:00,7.44,64,5.0,98
2015-09-14 12:33:00,8.28,63,4.5,92
2015-09-14 12:43:00,8.22,61,1.06,80
2015-09-14 12:48:00,5.22,64,7.44,88
2015-09-14 13:03:00,8.67,65,1.83,76
2015-09-14 13:08:00,7.83,61,3.72,75
2015-09-14 13:13:00,9.89,64,2.94,90
2015-09-14 13:15:00,10.33,64,3.61,79
2015-09-14 13:20:00,8.11,58,2.17,90
2015-09-14 13:35:00,7.0,62,3.06,92
2015-09-14 13:40:00,1.5,60,3.22,84
2015-09-14 13:45:00,4.78,61,6.17,87
2015-09-14 13:55:00,5.78,65,4.5,89
2015-09-14 14:00:00,10.83,65,4.28,63
2015-09-14 14:05:00,12.0,57,4.39,78
2015-09-14 14:10:00,12.22,65,7.33,83
2015-09-14 14:15:00,7.94,66,5.0,74
2015-09-14 14:20:00,9.11,66,2.28,99
2015-09-14 14:25:00,9.67,66,4.22,73
2015-09-14 14:30:00,6.89,68,1.28,92
2015-09-14 14:35:00,5.17,65,6.56,88
2015-09-14 14:40:00,17.33,59,5.0,84
2015-09-14 14:45:00,2.67,65,5.17,86
2015-09-14 15:05:00,8.39,64,4.39,87
2015-09-14 15:10:00,9.89,65,5.94,87
2015-09-14 15:15:00,5.5,67,6.44,92
2015-09-14 15:20:00,8.17,64,1.28,79
2015-09-14 15:30:00,8.94,63,1.94,82
2015-09-14 15:35:00,8.28,65,5.56,94
2015-09-14 15:40:00,13.28,63,4.78,87
2015-09-14 15:45:00,12.56,61,3.33,78
2015-09-14 15:50:00,13.61,63,3.22,81
2015-09-14 15:55:00,4.22,64,3.11,77
2015-09-14 16:05:00,8.83,64,3.11,82
2015-09-14 16:10:00,6.39,61,3.22,71
2015-09-14 16:15:00,7.94,63,3.11,81
2015-09-14 16:20:00,11.06,62,2.17,83
2015-09-14 16:30:00,3.83,61,1.83,93
2015-09-14 16:35:00,7.89,65,2.72,84
2015-09-14 16:40:00,9.0,64,3.72,94
2015-09-14 16:45:00,7.5,66,2.33,74
2015-09-14 16:50:00,14.33,62,6.72,87
2015-09-14 16:55:00,11.5,65,5.06,76
2015-09-14 17:00:00,7.78,62,4.28,98
2015-09-14 17:10:00,8.56,61,4.11,84
2015-09-14 17:15:00,9.17,65,6.44,80
2015-09-14 17:20:00,6.11,66,5.67,83
2015-09-14 17:25:00,4.89,68,7.5,66
2015-09-14 17:30:00,7.22,64,5.17,73
2015-09-14 17:35:00,4.83,68,3.22,84
2015-09-14 17:40:00,8.61,64,2.94,88
2015-09-14 17:45:00,12.28,65,3.11,69
2015-09-14 17:50:00,7.22,69,4.67,91
2015-09-14 17:55:00,6.56,64,1.56,86
2015-09-14 18:00:00,2.78,60,3.11,79
2015-09-14 18:05:00,5.33,62,1.17,83
2015-09-14 18:10:00,8.39,61,3.83,84
2015-09-14 18:20:00,7.83,64,3.5,80
2015-09-14 18:25:00,10.94,61,2.06,63
2015-09-14 18:30:00,2.72,68,1.56,83
2015-09-14 18:35:00,9.67,62,2.94,85
2015-09-14 18:45:00,9.22,64,2.94,82
2015-09-14 18:50:00,3.44,66,5.44,90
2015-09-14 18:55:00,4.83,65,3.61,88
2015-09-14 19:01:00,6.83,62,1.78,86
2015-09-14 19:05:00,7.94,61,1.39,83
2015-09-14 19:10:00,8.83,66,2.33,87
2015-09-14 19:15:00,8.83,64,1.83,90
2015-09-14 19:20:00,6.56,65,2.72,86
2015-09-14 19:30:00,2.5,68,0.89,76
2015-09-14 19:40:00,8.94,62,2.44,90
2015-09-14 19:45:00,7.56,62,1.78,73
2015-09-14 19:55:00,9.44,63,3.11,83
2015-09-14 20:05:00,2.28,61,1.94,94
2015-09-14 20:10:00,9.78,64,2.44,78
2015-09-14 20:15:00,5.11,60,1.78,83
2015-09-14 20:20:00,3.67,63,1.28,74
2015-09-14 20:30:00,3.33,63,1.78,82
2015-09-14 20:50:00,5.56,61,1.78,87
2015-09-14 20:55:00,2.17,63,1.56,86
2015-09-14 21:05:00,1.61,61,2.33,56
2015-09-14 21:10:00,3.28,61,2.33,76
2015-09-14 21:35:00,1.67,64,0.5,78
2015-09-14 21:45:00,6.28,64,2.17,91
2015-09-14 21:55:00,1.72,60,1.94,87
2015-09-14 22:06:00,0.83,64,1.06,74
2015-09-14 22:11:00,6.61,66,1.0,78
2015-09-14 22:21:00,0.83,70,0.67,87
2015-09-14 22:25:00,1.0,61,2.06,66
2015-09-14 22:30:00,0.94,63,1.17,76
2015-09-14 22:40:00,3.5,61,0.61,79
2015-09-14 23:01:00,2.39,68,1.0,75
2015-09-14 23:11:00,2.39,65,0.67,78
2015-09-14 23:15:00,1.56,59,0.39,85
2015-09-14 23:41:00,2.83,62,0.39,70
2015-09-14 23:51:00,1.0,59,0.39,65
2015-09-15 00:16:00,1.61,63,0.0,59
2015-09-15 00:56:00,0.78,67,2.17,75
2015-09-15 01:25:00,1.0,63,0.0,68
2015-09-15 01:40:00,2.83,63,0.78,75
2015-09-15 02:06:00,0.78,53,0.0,61
2015-09-15 02:56:00,3.61,58,2.44,74
2015-09-15 03:01:00,1.67,54,0.89,73
2015-09-15 03:25:00,2.78,63,0.28,77
2015-09-15 03:30:00,0.56,65,0.61,87
2015-09-15 03:45:00,0.67,72,1.06,91
2015-09-15 04:01:00,0.61,70,1.39,75
2015-09-15 04:06:00,3.5,65,1.28,71
2015-09-15 04:10:00,2.83,59,1.0,67
2015-09-15 04:16:00,0.78,59,1.0,85
2015-09-15 04:26:00,4.28,66,2.28,90
2015-09-15 04:31:00,0.83,60,0.78,88
2015-09-15 04:35:00,0.72,62,0.61,86
2015-09-15 04:46:00,2.72,63,2.06,86
2015-09-15 04:55:00,3.06,65,3.44,78
2015-09-15 05:01:00,4.61,66,3.11,79
2015-09-15 05:05:00,5.33,61,2.67,87
2015-09-15 05:10:00,4.56,62,3.33,87
2015-09-15 05:15:00,4.56,61,3.61,79
2015-09-15 05:20:00,0.72,63,3.72,78
2015-09-15 05:26:00,5.67,67,8.22,79
2015-09-15 05:31:00,4.17,62,8.28,73
2015-09-15 05:36:00,5.28,62,5.06,85
2015-09-15 05:46:00,1.33,66,3.89,82
2015-09-15 05:51:00,6.39,62,2.56,95
2015-09-15 05:55:00,3.72,68,7.33,85
2015-09-15 06:00:00,12.28,62,9.83,89
2015-09-15 06:10:00,10.33,63,11.72,94
2015-09-15 06:16:00,13.83,64,14.28,80
2015-09-15 06:20:00,8.78,64,9.94,89
2015-09-15 06:25:00,7.56,63,13.94,87
2015-09-15 06:30:00,9.33,64,14.17,84
2015-09-15 06:35:00,10.78,61,11.11,96
2015-09-15 06:41:00,9.83,66,17.94,80
2015-09-15 06:45:00,7.28,66,7.61,79
2015-09-15 06:50:00,10.17,65,6.67,80
2015-09-15 06:55:00,7.61,63,22.28,64
2015-09-15 07:00:00,12.11,63,13.78,74
2015-09-15 07:11:00,14.17,58,15.94,83
2015-09-15 07:16:00,10.28,67,8.61,89
2015-09-15 07:21:00,11.89,62,17.39,86
2015-09-15 07:26:00,9.17,63,13.39,88
2015-09-15 07:31:00,7.33,61,9.83,78
2015-09-15 07:36:00,11.5,62,12.28,85
2015-09-15 07:41:00,11.39,63,14.44,84
2015-09-15 07:46:00,7.89,65,9.83,70
2015-09-15 07:51:00,7.67,62,10.17,72
2015-09-15 07:56:00,9.06,65,9.56,97
2015-09-15 08:06:00,9.67,63,8.67,83
2015-09-15 08:11:00,9.78,63,4.0,74
2015-09-15 08:16:00,11.83,63,8.39,91
2015-09-15 08:21:00,12.44,62,12.78,71
2015-09-15 08:26:00,8.28,66,6.33,88
2015-09-15 08:31:00,12.61,61,3.44,95
2015-09-15 08:41:00,8.17,63,3.89,73
2015-09-15 08:46:00,5.22,67,5.83,83
2015-09-15 08:51:00,12.06,67,4.78,78
2015-09-15 08:56:00,14.61,64,5.78,75
2015-09-15 09:01:00,15.0,57,5.39,75
2015-09-15 09:06:00,8.72,64,4.11,61
2015-09-15 09:11:00,7.06,61,1.94,96
2015-09-15 09:16:00,10.22,64,5.67,84
2015-09-15 09:21:00,8.11,64,3.72,82
2015-09-15 09:26:00,11.44,61,7.89,74
2015-09-15 09:31:00,15.5,60,5.56,86
2015-09-15 09:36:00,7.44,63,4.22,70
2015-09-15 09:41:00,2.94,62,4.11,91
2015-09-15 09:46:00,12.17,63,13.28,72
2015-09-15 09:51:00,14.56,62,4.61,79
2015-09-15 10:01:00,7.94,61,0.22,79
2015-09-15 10:06:00,7.44,60,7.89,80
2015-09-15 10:11:00,5.0,61,5.0,85
2015-09-15 10:21:00,8.94,62,0.89,89
2015-09-15 10:31:00,11.72,63,2.17,91
2015-09-15 10:36:00,11.83,65,3.11,78
2015-09-15 10:41:00,6.94,63,2.72,91
2015-09-15 10:46:00,6.78,65,6.44,84
2015-09-15 10:51:00,6.83,66,3.89,72
2015-09-15 11:01:00,11.56,64,5.28,82
2015-09-15 11:06:00,12.11,63,2.17,82
2015-09-15 11:11:00,9.0,58,7.83,82
2015-09-15 11:16:00,6.94,64,4.39,81
2015-09-15 11:21:00,10.0,63,3.72,84
2015-09-15 11:26:00,5.39,66,1.67,92
2015-09-15 11:31:00,8.89,64,4.22,99
2015-09-15 11:36:00,5.94,62,6.28,82
2015-09-15 11:41:00,10.5,63,1.39,82
2015-09-15 11:46:00,5.83,62,3.5,76
2015-09-15 11:51:00,11.67,64,3.89,65
2015-09-15 11:56:00,4.22,67,4.39,87
2015-09-15 12:01:00,7.56,64,1.78,76
2015-09-15 12:06:00,6.83,62,2.83,76
2015-09-15 12:11:00,4.5,61,1.39,89
2015-09-15 12:21:00,13.28,61,2.44,68
2015-09-15 12:26:00,7.06,64,6.83,81
2015-09-15 12:31:00,3.67,66,4.61,87
2015-09-15 12:36:00,13.56,60,3.72,83
2015-09-15 12:46:00,5.44,65,1.06,88
2015-09-15 12:51:00,5.33,64,3.72,84
2015-09-15 12:56:00,7.39,61,2.28,78
2015-09-15 13:01:00,9.5,62,1.67,76
2015-09-15 13:06:00,6.39,64,2.28,75
2015-09-15 13:11:00,14.11,62,4.67,90
2015-09-15 13:16:00,6.83,60,3.06,88
2015-09-15 13:21:00,7.94,65,2.72,80
2015-09-15 13:26:00,12.61,62,3.72,75
2015-09-15 13:31:00,8.78,66,6.44,80
2015-09-15 13:36:00,10.33,63,1.56,92
2015-09-15 13:46:00,6.56,63,2.28,92
2015-09-15 13:51:00,7.33,62,1.94,90
2015-09-15 13:54:00,9.83,62,0.61,88
2015-09-15 13:59:00,8.17,61,4.61,84
2015-09-15 14:04:00,4.89,63,8.11,78
2015-09-15 14:09:00,9.28,64,2.83,79
2015-09-15 14:14:00,12.17,67,4.89,82
2015-09-15 14:19:00,7.06,68,5.06,90
2015-09-15 14:24:00,5.83,66,4.0,77
2015-09-15 14:29:00,9.11,62,5.28,87
2015-09-15 14:39:00,7.0,63,2.67,84
2015-09-15 14:44:00,12.78,63,2.83,74
2015-09-15 14:49:00,7.39,62,4.5,88
2015-09-15 14:54:00,6.06,63,2.33,83
2015-09-15 15:04:00,10.83,61,5.17,76
2015-09-15 15:09:00,11.17,65,5.78,85
2015-09-15 15:14:00,11.39,66,4.39,85
2015-09-15 15:19:00,8.33,65,3.06,85
2015-09-15 15:24:00,11.56,63,4.67,100
2015-09-15 15:29:00,5.33,63,5.39,85
2015-09-15 15:34:00,7.89,62,5.94,86
2015-09-15 15:39:00,11.06,65,1.78,84
2015-09-15 15:44:00,8.0,65,7.11,95
2015-09-15 15:49:00,8.11,65,3.33,92
2015-09-15 15:54:00,8.83,60,5.44,77
2015-09-15 15:59:00,7.67,63,4.5,83
2015-09-15 16:04:00,9.94,63,6.28,79
2015-09-15 16:09:00,7.72,64,5.17,81
2015-09-15 16:14:00,5.94,63,8.78,79
2015-09-15 16:19:00,9.44,63,5.44,98
2015-09-15 16:24:00,4.06,62,6.44,70
2015-09-15 16:29:00,7.94,63,9.0,85
2015-09-15 16:34:00,10.78,62,4.22,90
2015-09-15 16:39:00,9.67,62,6.06,90
2015-09-15 16:44:00,8.5,66,7.06,93
2015-09-15 16:49:00,7.39,63,4.89,90
2015-09-15 16:54:00,9.72,65,1.39,75
2015-09-15 16:59:00,6.94,65,5.39,78
2015-09-15 17:04:00,8.22,63,1.94,93
2015-09-15 17:09:00,6.44,62,3.83,75
2015-09-15 17:14:00,11.22,66,5.0,78
2015-09-15 17:19:00,4.89,64,5.78,80
2015-09-15 17:24:00,6.56,60,10.72,88
2015-09-15 17:29:00,11.39,62,10.44,84
2015-09-15 17:39:00,7.5,65,5.39,85
2015-09-15 17:44:00,11.67,63,3.22,85
2015-09-15 17:49:00,13.0,63,0.61,74
2015-09-15 17:54:00,9.33,66,5.67,92
2015-09-15 18:04:00,6.61,64,5.06,72
2015-09-15 18:09:00,3.06,64,6.28,76
2015-09-15 18:14:00,4.06,66,5.39,94
2015-09-15 18:19:00,10.56,63,2.44,92
2015-09-15 18:24:00,9.44,62,4.67,69
2015-09-15 18:39:00,4.94,64,2.28,90
2015-09-15 18:44:00,5.33,61,2.06,87
2015-09-15 18:49:00,4.67,65,3.89,86
2015-09-15 18:54:00,6.56,64,1.94,86
2015-09-15 18:59:00,7.83,68,3.33,82
2015-09-15 19:04:00,4.61,67,4.61,80
2015-09-15 19:14:00,3.5,65,5.06,74
2015-09-15 19:29:00,8.67,66,3.72,71
2015-09-15 19:34:00,1.83,62,1.83,80
2015-09-15 19:44:00,3.67,61,1.67,69
2015-09-15 19:49:00,5.17,63,3.72,81
2015-09-15 19:54:00,7.06,63,3.22,68
2015-09-15 19:59:00,6.67,65,5.83,91
2015-09-15 20:09:00,5.72,60,2.17,77
2015-09-15 20:14:00,2.44,62,5.28,75
2015-09-15 20:19:00,7.0,61,4.22,73
2015-09-15 20:29:00,4.06,59,1.06,83
2015-09-15 20:34:00,8.61,64,1.17,75
2015-09-15 20:39:00,3.17,66,0.78,68
2015-09-15 20:44:00,4.17,64,1.67,79
2015-09-15 20:49:00,5.94,58,2.28,88
2015-09-15 20:54:00,1.5,64,0.67,82
2015-09-15 20:59:00,7.5,64,4.5,77
2015-09-15 21:04:00,5.5,62,1.28,72
2015-09-15 21:09:00,1.56,65,0.39,77
2015-09-15 21:14:00,7.39,61,0.67,81
2015-09-15 21:19:00,2.33,62,2.33,83
2015-09-15 21:24:00,2.22,65,0.78,76
2015-09-15 21:29:00,2.89,60,2.17,73
2015-09-15 21:34:00,4.94,62,1.94,64
2015-09-15 21:39:00,11.94,64,1.67,75
2015-09-15 21:59:00,1.89,65,1.67,69
2015-09-15 22:19:00,3.11,60,0.89,71
2015-09-15 22:24:00,0.72,59,1.56,77
2015-09-15 22:34:00,2.39,60,0.28,87
2015-09-15 22:44:00,1.56,66,0.89,72
2015-09-15 22:59:00,2.28,62,0.67,92
2015-09-15 23:04:00,4.39,62,1.44,86
2015-09-15 23:19:00,2.28,59,1.44,89
2015-09-15 23:24:00,0.44,61,0.0,87
2015-09-15 23:29:00,2.28,63,1.0,84
2015-09-15 23:34:00,7.28,60,1.0,81
2015-09-15 23:44:00,0.83,63,0.61,76
2015-09-16 00:09:00,0.78,55,0.89,78
2015-09-16 00:19:00,0.72,65,1.83,91
2015-09-16 00:34:00,4.28,62,0.0,103
2015-09-16 00:44:00,3.72,63,0.0,101
2015-09-16 01:14:00,0.83,55,0.61,91
2015-09-16 01:19:00,1.06,48,0.78,91
2015-09-16 01:29:00,0.83,62,0.0,92
2015-09-16 01:39:00,0.94,57,1.78,88
2015-09-16 02:49:00,1.67,59,0.61,67
2015-09-16 03:04:00,1.89,52,1.28,57
2015-09-16 03:14:00,1.94,59,1.17,77
2015-09-16 03:19:00,0.78,65,0.78,85
2015-09-16 03:29:00,2.17,50,0.89,74
2015-09-16 03:34:00,1.33,68,0.0,76
2015-09-16 03:39:00,3.94,59,1.94,70
2015-09-16 03:49:00,2.39,65,0.28,80
2015-09-16 03:59:00,2.33,65,3.44,83
2015-09-16 04:14:00,3.06,60,1.78,75
2015-09-16 04:29:00,2.94,66,1.94,89
2015-09-16 04:44:00,4.72,62,0.78,83
2015-09-16 04:49:00,3.44,61,0.67,85
2015-09-16 05:09:00,4.33,64,3.89,93
2015-09-16 05:14:00,4.67,64,6.44,90
2015-09-16 05:19:00,5.89,64,6.33,106
2015-09-16 05:24:00,1.61,65,6.56,94
2015-09-16 05:29:00,4.39,67,13.5,74
2015-09-16 05:39:00,8.72,64,4.0,98
2015-09-16 05:44:00,9.94,66,5.83,87
2015-09-16 05:49:00,4.78,67,8.78,82
2015-09-16 05:54:00,10.67,63,9.06,95
2015-09-16 05:59:00,9.11,64,8.5,91
2015-09-16 06:04:00,3.83,65,9.17,86
2015-09-16 06:09:00,8.28,62,11.5,81
2015-09-16 06:14:00,14.17,61,10.83,74
2015-09-16 06:19:00,11.61,62,12.22,80
2015-09-16 06:24:00,5.39,64,17.56,71
2015-09-16 06:29:00,7.11,66,13.28,86
2015-09-16 06:34:00,13.5,63,16.11,75
2015-09-16 06:39:00,9.67,65,11.06,82
2015-09-16 06:44:00,6.06,66,14.78,85
2015-09-16 06:49:00,9.56,64,10.44,91
2015-09-16 06:54:00,7.44,63,11.83,76
2015-09-16 06:59:00,10.44,64,14.67,84
2015-09-16 07:04:00,15.61,61,17.17,82
2015-09-16 07:09:00,11.89,64,14.67,77
2015-09-16 07:14:00,4.61,66,10.44,84
2015-09-16 07:19:00,8.56,65,17.56,77
2015-09-16 07:24:00,7.94,63,11.22,85
2015-09-16 07:29:00,11.22,62,10.17,95
2015-09-16 07:34:00,13.61,64,12.22,87
2015-09-16 07:39:00,7.67,61,8.0,81
2015-09-16 07:44:00,10.33,61,18.67,84
2015-09-16 07:49:00,11.94,65,8.89,84
2015-09-16 07:54:00,16.44,25,10.28,91
2015-09-16 07:59:00,32.17,19,15.83,86
2015-09-16 08:04:00,26.0,15,12.61,86
2015-09-16 08:09:00,38.83,17,5.28,77
2015-09-16 08:14:00,12.78,24,13.0,77
2015-09-16 08:19:00,38.28,25,8.11,82
2015-09-16 08:24:00,33.5,19,7.72,86
2015-09-16 08:29:00,22.5,39,7.61,84
2015-09-16 08:34:00,27.17,21,5.94,64
2015-09-16 08:39:00,29.94,22,8.11,83
2015-09-16 08:44:00,27.83,41,8.22,80
2015-09-16 08:49:00,7.78,65,4.39,78
2015-09-16 08:54:00,12.83,61,6.72,95
2015-09-16 08:59:00,15.28,60,5.56,93
2015-09-16 09:04:00,9.11,65,6.17,73
2015-09-16 09:09:00,9.22,62,4.0,86
2015-09-16 09:14:00,9.83,61,6.17,62
2015-09-16 09:19:00,8.44,63,2.72,86
2015-09-16 09:24:00,11.5,64,8.67,84
2015-09-16 09:29:00,8.0,60,3.61,78
2015-09-16 09:34:00,12.89,62,9.28,78
2015-09-16 09:39:00,4.56,64,5.67,79
2015-09-16 09:49:00,9.61,65,3.33,91
2015-09-16 09:54:00,10.17,63,6.44,70
2015-09-16 09:59:00,12.22,61,3.72,76
2015-09-16 10:04:00,9.61,62,1.67,93
2015-09-16 10:09:00,9.0,61,3.33,88
2015-09-16 10:14:00,6.67,64,2.17,83
2015-09-16 10:19:00,3.94,63,6.56,81
2015-09-16 10:24:00,16.33,56,4.39,90
2015-09-16 10:29:00,10.0,64,3.33,96
2015-09-16 10:34:00,8.67,65,2.67,81
2015-09-16 10:39:00,11.06,65,1.67,88
2015-09-16 10:44:00,5.44,66,8.67,70
2015-09-16 10:49:00,6.61,65,3.5,74
2015-09-16 10:54:00,3.44,63,3.61,64
2015-09-16 10:59:00,7.44,61,4.78,81
2015-09-16 11:04:00,13.67,61,2.06,76
2015-09-16 11:09:00,5.56,59,3.5,73
2015-09-16 11:14:00,11.11,62,6.06,83
2015-09-16 11:24:00,15.72,60,3.06,83
2015-09-16 11:29:00,8.61,62,1.44,62
2015-09-16 11:34:00,12.67,62,1.39,68
2015-09-16 11:39:00,13.06,64,2.17,84
2015-09-16 11:44:00,10.39,66,5.39,76
2015-09-16 11:49:00,7.5,62,1.94,81
2015-09-16 11:54:00,4.11,64,2.17,93
2015-09-16 11:59:00,5.5,62,2.17,92
2015-09-16 12:04:00,11.56,60,4.11,68
2015-09-16 12:09:00,3.83,62,4.28,84
2015-09-16 12:14:00,8.22,63,1.67,83
2015-09-16 12:19:00,6.5,62,6.44,85
2015-09-16 12:24:00,4.33,65,3.5,71
2015-09-16 12:29:00,7.72,64,4.67,78
2015-09-16 12:34:00,14.0,64,2.94,77
2015-09-16 12:39:00,5.11,64,2.72,77
2015-09-16 12:44:00,8.56,62,2.17,88
2015-09-16 12:49:00,6.39,61,1.67,80
2015-09-16 12:54:00,4.0,64,4.22,89
2015-09-16 12:59:00,2.56,66,2.33,89
2015-09-16 13:04:00,8.89,62,2.33,80
2015-09-16 13:09:00,6.11,64,1.67,72
2015-09-16 13:14:00,6.67,63,4.89,88
2015-09-16 13:19:00,10.0,60,2.56,72
2015-09-16 13:24:00,8.56,64,4.22,85
2015-09-16 13:29:00,5.22,66,2.56,85
2015-09-16 13:34:00,13.22,62,1.67,89
2015-09-16 13:39:00,8.94,63,6.17,82
2015-09-16 13:44:00,14.33,59,1.83,87
2015-09-16 13:54:00,14.67,64,4.28,69
2015-09-16 13:59:00,5.61,60,3.5,78
2015-09-16 14:04:00,11.44,62,2.94,87
2015-09-16 14:09:00,9.44,61,8.0,82
2015-09-16 14:14:00,6.11,63,3.44,78
2015-09-16 14:19:00,8.22,67,3.83,91
2015-09-16 14:24:00,10.17,67,6.83,83
2015-09-16 14:29:00,8.83,66,5.94,73
2015-09-16 14:30:00,6.61,65,2.94,75
2015-09-16 14:35:00,6.0,61,1.44,75
2015-09-16 14:40:00,6.83,66,4.5,83
2015-09-16 14:50:00,12.44,61,1.39,84
2015-09-16 14:55:00,9.83,62,4.11,85
2015-09-16 15:00:00,5.89,69,1.17,85
2015-09-16 15:05:00,5.78,64,5.28,86
2015-09-16 15:10:00,12.39,63,4.11,79
2015-09-16 15:15:00,9.11,66,2.83,85
2015-09-16 15:25:00,15.11,60,4.89,78
2015-09-16 15:30:00,16.0,60,3.61,94
2015-09-16 15:35:00,6.72,62,2.17,83
2015-09-16 15:40:00,11.06,56,5.78,73
2015-09-16 15:45:00,8.78,61,7.5,67
2015-09-16 15:50:00,12.56,61,6.06,83
2015-09-16 15:55:00,14.78,66,1.06,81
2015-09-16 16:00:00,2.78,66,8.67,83
2015-09-16 16:05:00,6.17,65,4.11,68
2015-09-16 16:10:00,8.89,64,4.28,77
2015-09-16 16:15:00,9.83,64,3.06,70
2015-09-16 16:20:00,8.67,62,6.06,75
2015-09-16 16:25:00,6.78,69,5.83,74
2015-09-16 16:30:00,5.11,67,2.44,87
2015-09-16 16:35:00,11.33,65,2.28,85
2015-09-16 16:40:00,8.33,68,4.61,93
2015-09-16 16:45:00,5.83,64,5.56,75
2015-09-16 16:55:00,5.67,68,5.83,99
2015-09-16 17:00:00,19.0,60,3.11,84
2015-09-16 17:05:00,11.89,65,3.89,87
2015-09-16 17:10:00,5.39,63,2.83,82
2015-09-16 17:15:00,5.17,66,3.44,84
2015-09-16 17:20:00,10.78,59,2.44,76
2015-09-16 17:25:00,9.5,66,1.44,98
2015-09-16 17:30:00,11.28,63,5.56,87
2015-09-16 17:35:00,8.44,65,4.78,94
2015-09-16 17:45:00,5.44,64,3.61,92
2015-09-16 17:50:00,7.44,62,1.39,83
2015-09-16 17:55:00,7.0,67,0.67,76
2015-09-16 18:00:00,8.17,66,5.94,71
2015-09-16 18:05:00,11.94,64,3.83,84
2015-09-16 18:10:00,11.06,64,4.61,87
2015-09-16 18:15:00,8.56,63,5.83,90
2015-09-16 18:20:00,9.0,66,4.0,76
2015-09-16 18:30:00,5.11,67,5.94,89
2015-09-16 18:35:00,8.17,69,1.83,95
2015-09-16 18:40:00,3.94,64,1.94,84
2015-09-16 18:45:00,4.67,66,1.83,72
2015-09-16 18:50:00,8.72,63,2.72,83
2015-09-16 18:55:00,4.44,65,3.11,68
2015-09-16 19:00:00,4.72,64,4.89,93
2015-09-16 19:05:00,5.56,63,0.89,76
2015-09-16 19:10:00,7.5,54,2.33,93
2015-09-16 19:15:00,6.56,63,1.56,93
2015-09-16 19:20:00,5.72,64,2.72,88
2015-09-16 19:25:00,0.78,75,2.83,93
2015-09-16 19:30:00,4.44,62,2.33,84
2015-09-16 19:35:00,6.44,61,2.83,71
2015-09-16 19:40:00,4.06,64,3.06,72
2015-09-16 19:45:00,4.78,65,6.44,79
2015-09-16 19:50:00,5.72,64,1.56,79
2015-09-16 19:55:00,7.61,63,4.39,88
2015-09-16 20:00:00,4.33,62,1.39,80
2015-09-16 20:05:00,7.11,62,4.11,64
2015-09-16 20:10:00,3.11,64,1.44,78
2015-09-16 20:15:00,3.22,57,1.56,89
2015-09-16 20:20:00,4.44,65,4.67,82
2015-09-16 20:25:00,2.5,60,0.67,86
2015-09-16 20:30:00,7.0,62,5.67,81
2015-09-16 20:35:00,2.39,63,2.67,69
2015-09-16 20:40:00,1.56,69,1.28,68
2015-09-16 20:45:00,1.72,59,2.06,86
2015-09-16 20:50:00,2.11,52,2.72,93
2015-09-16 20:55:00,1.83,57,3.89,76
2015-09-16 21:00:00,2.61,61,1.06,80
2015-09-16 21:15:00,0.72,66,2.44,80
2015-09-16 21:20:00,0.72,64,1.44,82
2015-09-16 21:30:00,3.06,65,2.44,77
2015-09-16 21:35:00,1.67,68,4.39,78
2015-09-16 21:40:00,1.5,62,1.56,76
2015-09-16 21:45:00,3.33,54,1.94,73
2015-09-16 21:50:00,4.11,63,3.61,63
2015-09-16 21:55:00,2.61,67,1.28,63
2015-09-16 22:05:00,5.11,62,0.0,82
2015-09-16 22:14:00,0.72,73,0.67,75
2015-09-16 22:20:00,2.67,68,0.39,75
2015-09-16 22:30:00,1.72,62,1.0,96
2015-09-16 22:35:00,2.11,64,2.06,75
2015-09-16 22:40:00,0.72,64,0.39,76
2015-09-16 22:45:00,1.39,63,0.0,89
2015-09-16 23:00:00,2.44,60,0.61,93
2015-09-16 23:05:00,2.89,63,0.0,85
2015-09-16 23:10:00,2.17,67,0.28,73
2015-09-16 23:15:00,2.94,63,0.5,77
2015-09-16 23:40:00,1.56,62,0.0,63
2015-09-16 23:45:00,1.28,67,0.0,65
2015-09-17 00:00:00,2.22,59,1.94,75
2015-09-17 00:10:00,4.28,59,1.56,58
2015-09-17 00:25:00,0.89,62,0.39,78
2015-09-17 00:50:00,0.89,59,0.39,81
2015-09-17 01:05:00,0.78,66,1.94,74
2015-09-17 01:45:00,0.78,61,1.06,73
2015-09-17 02:15:00,3.17,62,0.67,83
2015-09-17 03:05:00,0.67,66,1.83,86
2015-09-17 03:30:00,1.56,57,0.89,70
2015-09-17 03:45:00,0.72,60,0.89,82
2015-09-17 03:50:00,1.56,60,0.0,69
2015-09-17 04:05:00,4.94,65,0.0,66
2015-09-17 04:10:00,0.61,44,0.28,75
2015-09-17 04:15:00,1.33,52,3.33,81
2015-09-17 04:20:00,2.06,37,0.78,80
2015-09-17 04:25:00,1.39,48,1.39,84
2015-09-17 04:30:00,2.72,57,0.89,85
2015-09-17 04:35:00,3.39,66,5.28,87
2015-09-17 04:40:00,2.33,60,1.83,80
2015-09-17 04:50:00,4.33,60,2.28,73
2015-09-17 04:55:00,4.33,64,2.28,74
2015-09-17 05:00:00,3.56,60,1.83,85
2015-09-17 05:05:00,4.11,58,3.33,82
2015-09-17 05:10:00,4.72,63,4.67,83
2015-09-17 05:15:00,2.33,64,1.28,85
2015-09-17 05:20:00,4.72,63,3.89,90
2015-09-17 05:25:00,2.72,62,6.56,82
2015-09-17 05:30:00,3.61,65,7.44,87
2015-09-17 05:35:00,6.39,63,7.06,88
2015-09-17 05:40:00,5.33,62,7.61,78
2015-09-17 05:45:00,8.39,64,5.56,88
2015-09-17 05:50:00,2.39,62,7.5,85
2015-09-17 05:55:00,3.28,69,7.72,81
2015-09-17 06:00:00,8.06,61,14.06,82
2015-09-17 06:05:00,7.22,63,11.06,76
2015-09-17 06:10:00,5.67,61,8.61,88
2015-09-17 06:15:00,11.39,61,16.33,83
2015-09-17 06:20:00,8.06,58,13.28,73
2015-09-17 06:25:00,4.22,59,16.61,75
2015-09-17 06:30:00,2.89,59,14.44,71
2015-09-17 06:35:00,5.39,69,16.78,75
2015-09-17 06:40:00,7.0,61,18.17,74
2015-09-17 06:45:00,8.94,60,14.67,80
2015-09-17 06:50:00,13.06,57,16.78,62
2015-09-17 06:55:00,13.0,53,8.89,66
2015-09-17 07:00:00,13.17,61,10.83,28
2015-09-17 07:05:00,5.94,65,8.5,68
2015-09-17 07:10:00,9.0,61,1.28,59
2015-09-17 07:15:00,11.06,60,2.83,20
2015-09-17 07:20:00,8.89,62,16.78,67
2015-09-17 07:25:00,17.39,60,8.11,61
2015-09-17 07:30:00,14.11,62,1.28,59
2015-09-17 07:35:00,9.83,55,5.39,29
2015-09-17 07:40:00,7.78,60,19.17,54
2015-09-17 07:45:00,14.56,26,6.67,86
2015-09-17 07:50:00,19.0,34,8.11,80
2015-09-17 07:55:00,43.06,15,9.39,68
2015-09-17 08:00:00,36.33,23,12.89,78
2015-09-17 08:05:00,14.17,35,8.67,89
2015-09-17 08:10:00,26.61,38,6.94,89
2015-09-17 08:15:00,22.11,11,12.72,89
2015-09-17 08:20:00,15.22,43,8.67,87
2015-09-17 08:25:00,20.56,26,6.06,81
2015-09-17 08:30:00,17.06,47,4.0,82
2015-09-17 08:35:00,6.5,63,8.78,82
2015-09-17 08:40:00,13.56,55,6.83,66
2015-09-17 08:45:00,7.06,65,5.78,53
2015-09-17 08:55:00,13.11,65,4.61,71
2015-09-17 09:00:00,10.67,64,3.22,53
2015-09-17 09:05:00,11.61,61,4.22,70
2015-09-17 09:10:00,12.33,59,13.39,72
2015-09-17 09:15:00,7.72,63,6.28,75
2015-09-17 09:20:00,9.33,67,9.56,74
2015-09-17 09:25:00,10.56,62,12.39,87
2015-09-17 09:30:00,10.44,60,2.33,70
2015-09-17 09:35:00,13.06,62,5.0,77
2015-09-17 09:40:00,5.17,63,6.56,73
2015-09-17 09:45:00,9.67,63,4.67,70
2015-09-17 09:50:00,4.0,65,2.94,64
2015-09-17 09:55:00,10.72,62,6.17,68
2015-09-17 10:00:00,8.61,65,1.0,85
2015-09-17 10:05:00,6.94,62,7.11,70
2015-09-17 10:10:00,15.5,62,3.61,66
2015-09-17 10:15:00,7.11,62,3.22,80
2015-09-17 10:20:00,8.22,65,7.61,75
2015-09-17 10:25:00,9.83,65,3.06,74
2015-09-17 10:30:00,6.89,63,2.06,73
2015-09-17 10:35:00,10.11,61,5.83,67
2015-09-17 10:40:00,10.39,57,4.22,65
2015-09-17 10:45:00,9.61,54,4.5,79
2015-09-17 10:50:00,12.67,57,4.5,78
2015-09-17 10:55:00,12.17,62,1.44,76
2015-09-17 11:05:00,12.44,64,0.67,91
2015-09-17 11:10:00,7.67,59,5.56,87
2015-09-17 11:15:00,9.44,64,2.56,82
2015-09-17 11:20:00,10.94,63,3.33,92
2015-09-17 11:25:00,4.94,61,3.61,83
2015-09-17 11:30:00,7.78,63,5.78,82
2015-09-17 11:35:00,5.44,65,5.17,83
2015-09-17 11:40:00,10.0,60,6.56,67
2015-09-17 11:45:00,5.56,60,3.72,89
2015-09-17 11:50:00,9.56,62,2.28,80
2015-09-17 11:55:00,8.78,65,5.39,79
2015-09-17 12:00:00,5.11,58,2.06,87
2015-09-17 12:05:00,3.78,65,4.78,87
2015-09-17 12:10:00,5.67,62,5.94,77
2015-09-17 12:15:00,9.22,54,3.83,80
2015-09-17 12:20:00,4.11,51,3.22,84
2015-09-17 12:25:00,10.28,51,6.94,90
2015-09-17 12:30:00,14.28,56,1.0,87
2015-09-17 12:35:00,5.56,57,1.83,82
2015-09-17 12:40:00,11.78,46,3.5,83
2015-09-17 12:45:00,10.39,56,2.56,77
2015-09-17 12:50:00,8.56,56,3.83,86
2015-09-17 12:55:00,4.33,56,5.0,97
2015-09-17 13:00:00,6.39,60,3.06,87
2015-09-17 13:05:00,12.44,61,1.28,91
2015-09-17 13:10:00,7.33,64,2.33,75
2015-09-17 13:15:00,6.5,67,2.44,89
2015-09-17 13:20:00,7.11,66,5.06,77
2015-09-17 13:25:00,16.94,61,2.83,75
2015-09-17 13:30:00,11.78,62,4.89,83
2015-09-17 13:35:00,11.06,59,1.56,85
2015-09-17 13:40:00,10.89,63,2.67,83
2015-09-17 13:45:00,5.22,68,2.17,77
2015-09-17 13:50:00,2.56,66,5.67,75
2015-09-17 13:55:00,10.61,63,2.06,72
2015-09-17 14:00:00,3.78,66,3.83,79
2015-09-17 14:05:00,15.33,62,5.94,84
2015-09-17 14:10:00,13.17,60,3.89,71
2015-09-17 14:15:00,10.61,63,5.06,80
2015-09-17 14:20:00,6.22,68,6.94,71
2015-09-17 14:25:00,14.94,63,0.0,79
2015-09-17 14:30:00,13.22,65,5.39,83
2015-09-17 14:34:00,12.11,57,4.67,88
2015-09-17 14:39:00,7.83,65,5.67,78
2015-09-17 14:44:00,10.94,60,6.06,97
2015-09-17 14:49:00,6.94,62,7.22,81
2015-09-17 14:54:00,10.0,65,2.94,93
2015-09-17 14:58:00,0.61,67,3.06,77
2015-09-17 15:04:00,10.5,62,3.44,81
2015-09-17 15:08:00,6.78,65,3.89,74
2015-09-17 15:13:00,9.33,61,2.56,90
2015-09-17 15:18:00,8.28,66,2.72,77
2015-09-17 15:23:00,10.78,63,6.28,80
2015-09-17 15:28:00,5.67,69,2.83,88
2015-09-17 15:34:00,7.17,64,4.11,84
2015-09-17 15:38:00,7.17,64,5.78,78
2015-09-17 15:43:00,7.33,62,7.89,91
2015-09-17 15:48:00,7.11,68,4.22,83
2015-09-17 15:49:00,6.28,65,2.83,80
2015-09-17 15:54:00,4.39,69,4.5,77
2015-09-17 15:59:00,8.72,61,11.11,82
2015-09-17 16:04:00,9.94,66,9.28,81
2015-09-17 16:09:00,12.72,65,5.06,89
2015-09-17 16:14:00,10.0,65,3.44,87
2015-09-17 16:19:00,9.39,60,8.5,82
